pl_name,PC1,PC2,PC3,PC4,Cluster_K2,Familia_Planeta
AU Mic b,-0.3739500735237739,0.6303948687305394,-0.1057337503617315,-0.0989640977492697,0,Familia 0 (Población Estándar)
AU Mic c,0.6118085869428115,1.1055428704724044,0.4138143236219283,-0.2140520933038836,0,Familia 0 (Población Estándar)
BD+05 4868 A b,-1.836488192909768,-0.2445478355990305,-0.4700415341869341,-0.4938831133840919,0,Familia 0 (Población Estándar)
BD-14 3065 b,0.4820233322702784,-3.167789258820194,-0.3375704289812073,-1.5675462904015154,0,Familia 0 (Población Estándar)
DS Tuc A b,-0.0717522290287068,-0.1441112074797434,-0.6395847603938658,-0.1155064818054023,0,Familia 0 (Población Estándar)
GJ 1252 b,-2.4267556441283427,1.1598987518188588,-0.2860453842936583,0.3840311427661979,0,Familia 0 (Población Estándar)
GJ 143 b,1.5713826885069804,1.5839327774104557,0.2443480249621039,-0.067549362347505,0,Familia 0 (Población Estándar)
GJ 238 b,-2.0255379162992693,1.3757399556970171,-0.2311363885464236,0.5193329263806705,0,Familia 0 (Población Estándar)
GJ 3090 b,-1.2085575337677943,1.018588860664681,1.2243453654675462,0.1431995706772424,0,Familia 0 (Población Estándar)
GJ 341 b,-1.0780705451831107,1.7890093873310575,-0.5366774055978097,-0.5147016487633657,0,Familia 0 (Población Estándar)
GJ 3473 b,-2.204925866281428,1.380248057716833,-0.2724995457493851,0.4545265211544038,0,Familia 0 (Población Estándar)
GJ 357 b,-1.5908587484292336,2.158486639609545,0.226746978132263,-0.2435154196303721,0,Familia 0 (Población Estándar)
GJ 367 b,-2.532834174679945,0.9634691570452998,-0.427679888041971,-0.4224364000981279,0,Familia 0 (Población Estándar)
GJ 3929 b,-1.97636428730409,1.9608650070576263,-0.3128503155893796,0.1175463540939069,0,Familia 0 (Población Estándar)
GJ 806 b,-2.3534198040307577,1.5843455230247108,-0.3253855164837345,-0.7498112238467571,0,Familia 0 (Población Estándar)
Gliese 12 b,-1.121812624349366,3.1989051268455584,1.0974914667916964,-0.6290381048223157,0,Familia 0 (Población Estándar)
HD 101581 b,-1.2008546671428608,1.102366781246802,-0.4855121178830908,-1.356674519500625,0,Familia 0 (Población Estándar)
HD 101581 c,-0.9450107451771876,1.2575220277582717,-0.4579983900525549,-1.351310498556161,0,Familia 0 (Población Estándar)
HD 108236 b,-0.9615484190925102,0.0421656185963013,-0.4607807284581423,-1.42722120224704,0,Familia 0 (Población Estándar)
HD 108236 c,-0.605621681923252,0.2497051801520488,-0.5661589997522364,-1.3513320551623087,0,Familia 0 (Población Estándar)
HD 108236 e,0.7451643498078645,0.864653474908408,-0.5919122099411187,-1.1490332915323072,0,Familia 0 (Población Estándar)
HD 109833 b,0.3418855943704913,-0.092686085242125,0.3124906245990818,-0.7839790227772779,0,Familia 0 (Población Estándar)
HD 109833 c,0.8166881102969621,0.0423033649159416,1.0491140085594632,-0.8638134643320065,0,Familia 0 (Población Estándar)
HD 110082 b,0.8240380486806917,-0.8623561709357622,0.3471847453232879,-0.5403289441378435,0,Familia 0 (Población Estándar)
HD 110113 b,-1.0146092982874022,-0.7571992679337647,-0.0235505209752406,-0.2065186778649427,0,Familia 0 (Población Estándar)
HD 1397 b,1.4253497414276513,-2.3159908825397304,0.7774527221425827,0.0410884333136824,0,Familia 0 (Población Estándar)
HD 152843 b,0.553389492125719,-0.6943942984314165,-0.7003900619773133,-1.246904881660818,0,Familia 0 (Población Estándar)
HD 152843 c,1.298209691827777,-0.4751102742123694,-0.6299681214489029,-1.123410816837034,0,Familia 0 (Población Estándar)
HD 15337 b,-0.6855323528432334,0.0903518037169735,-0.2791190326986256,-0.3287940211544382,0,Familia 0 (Población Estándar)
HD 15337 c,0.4677476662694088,0.6908560568894065,-0.1976155792465279,-0.2508839787083872,0,Familia 0 (Población Estándar)
HD 15906 b,-0.0276536590881235,0.7458974364158364,-0.0162994544718584,-0.2926631731826857,0,Familia 0 (Población Estándar)
HD 15906 c,0.7212301652432819,1.0586000276803609,-0.5822261748765476,-0.0669634726994252,0,Familia 0 (Población Estándar)
HD 183579 b,0.7845695999172487,0.3000974776569397,-0.4908376555140243,-0.4087369882287163,0,Familia 0 (Población Estándar)
HD 18599 b,-0.4444815412134295,0.025133976745408,1.6034560313679052,-0.5481561994443467,0,Familia 0 (Población Estándar)
HD 191939 b,-0.134855733792527,0.0809146254098726,-0.5728268792519742,-0.8767159551902236,0,Familia 0 (Población Estándar)
HD 191939 c,1.3352667615618623,0.8187828949801769,-0.8679512993951071,-0.795491473898783,0,Familia 0 (Población Estándar)
HD 191939 d,1.8056718519030897,1.0923919108656654,-1.045413380606592,-0.8347847165378013,0,Familia 0 (Población Estándar)
HD 202772 A b,0.1717139546126614,-3.811089348349022,-0.4852534907043195,0.0169222822366745,0,Familia 0 (Población Estándar)
HD 20329 b,-1.6427653114986658,-1.355638199842246,-0.6754224447491702,-0.8981027385693813,0,Familia 0 (Población Estándar)
HD 207496 b,-0.3266433426991261,0.4298444284439581,0.8695252287048795,-0.1920969601708714,0,Familia 0 (Población Estándar)
HD 207897 b,0.2921225284511325,0.9018426590102492,-0.7645862233550939,-0.1959849070348282,0,Familia 0 (Población Estándar)
HD 213885 b,-1.5045173820127358,-1.5204991155276526,-0.6877791053008646,-0.8421334335545358,0,Familia 0 (Población Estándar)
HD 21520 b,1.3290627443624137,0.3526383262672785,-1.01434498249552,-0.1276959013911531,0,Familia 0 (Población Estándar)
HD 21749 c,-0.4126238490328743,0.9670893139384414,0.5469003292940076,-0.4605429864186906,0,Familia 0 (Población Estándar)
HD 219666 b,-0.3082578845310958,-0.5837109649986928,-0.3158739699352541,-0.1575216625620627,0,Familia 0 (Población Estándar)
HD 221416 b,1.4840793793370786,-2.301925151564088,-0.3416012351333203,-1.2711170292182834,0,Familia 0 (Población Estándar)
HD 22946 d,2.936122098190772,0.951808767675854,-0.9775179607525364,-0.4665240358363449,1,Familia 1 (Población Exótica/Atípica)
HD 23472 b,0.302944869672049,1.3368849419332558,-0.3635118939733891,-0.8234846112351035,0,Familia 0 (Población Estándar)
HD 23472 c,0.9796828825431108,1.6994763733238238,-0.6141015355560328,-0.8362040674091595,0,Familia 0 (Población Estándar)
HD 23472 d,-1.1597548839595722,0.7697910666153084,-0.2568149197599703,-1.1752918456006325,0,Familia 0 (Población Estándar)
HD 23472 e,-0.6310390352593018,1.0897745113153938,-0.3271482566190804,-1.123499042554113,0,Familia 0 (Población Estándar)
HD 23472 f,-0.2078121959281472,1.2817753107758625,-0.389227712645115,-1.0620337616129043,0,Familia 0 (Población Estándar)
HD 235088 b,-0.5592014468902639,0.4820463877133147,-0.6804352752834466,-0.3571980566587105,0,Familia 0 (Población Estándar)
HD 25463 b,-0.0044377708579453,-1.0831405455765832,-0.8673846567341212,-0.8102573093674851,0,Familia 0 (Población Estándar)
HD 25463 c,-0.7074169572569561,-1.4398476603911512,-0.8318350627874556,-0.9995596960093248,0,Familia 0 (Población Estándar)
HD 260655 b,-1.9586678033332143,2.24983426836205,-0.1946564339591996,-1.1206883324381334,0,Familia 0 (Población Estándar)
HD 260655 c,-1.5037071535511255,2.506615164625835,-0.2376204749612752,-1.0486389640055127,0,Familia 0 (Población Estándar)
HD 2685 b,0.0136783180867887,-2.573088398039526,-0.067237915629371,-0.3758008342326708,0,Familia 0 (Población Estándar)
HD 28109 b,1.2877225704534612,-0.4715875124396959,-1.0506656059198918,-0.3449993677720872,0,Familia 0 (Población Estándar)
HD 28109 c,2.7866772971720946,0.0832037280243341,-1.3648303507498731,-0.1280141882701607,1,Familia 1 (Población Exótica/Atípica)
HD 28109 d,3.1073492763441988,0.3829940307865813,-1.4347039059289832,-0.1835880421153844,1,Familia 1 (Población Exótica/Atípica)
HD 332231 b,1.17581682371036,-0.5444150717297276,-0.8662305042236984,-0.0326981365632022,0,Familia 0 (Población Estándar)
HD 35843 c,2.430150893283713,1.436994332615124,-0.3623352246298466,-1.1575224508425337,1,Familia 1 (Población Exótica/Atípica)
HD 5278 b,0.621108376928607,-0.009062003116039,-0.4626923056104842,-0.9295548329555408,0,Familia 0 (Población Estándar)
HD 56414 b,3.8142713001613022,-1.5982036117666627,2.9322644648403013,-1.416413351422447,1,Familia 1 (Población Exótica/Atípica)
HD 6061 b,-0.5570458533737276,-0.3666580202678331,-0.7062509238295765,-0.6141478133623839,0,Familia 0 (Población Estándar)
HD 63433 b,-0.4628690368917821,0.0373270186172275,-0.2990476511756523,-0.5565797380350145,0,Familia 0 (Población Estándar)
HD 63433 c,0.8509046324561818,0.696633072433059,-0.3300355086996464,-0.4886128442313732,0,Familia 0 (Población Estándar)
HD 63433 d,-0.6173525486788721,-0.149292413182098,0.3613421079081811,-0.5433006009861981,0,Familia 0 (Población Estándar)
HD 63935 b,-0.1340608051627528,-0.0057113936890474,-0.6842054703392793,0.0211887167681453,0,Familia 0 (Población Estándar)
HD 73583 b,-0.6674860006113843,0.7916204273781894,0.0474477714067796,-0.1228067036700927,0,Familia 0 (Población Estándar)
HD 73583 c,0.4142022370157114,1.3766363187517614,-0.2348806273701427,-0.0655537226393991,0,Familia 0 (Población Estándar)
HD 77946 b,0.2059802700830576,-1.036539928164212,0.5938138547529941,-0.1714368806591817,0,Familia 0 (Población Estándar)
HD 86226 c,-0.6612417327590258,-0.6236252909015924,-0.2128954702225521,-0.5760140692476736,0,Familia 0 (Población Estándar)
HD 93963 A b,-1.5313397164971387,-1.2492166402558509,-0.644895281499696,-0.3722147517729567,0,Familia 0 (Población Estándar)
HD 93963 A c,-0.7615010666416517,-0.804164944360726,-0.5894930725987683,-0.0537455970001973,0,Familia 0 (Población Estándar)
HIP 113103 b,-0.3684014329817432,0.8160702527488632,0.4254389202217304,-0.6871321769737668,0,Familia 0 (Población Estándar)
HIP 113103 c,0.2821483714917145,1.0765931200825196,0.3311750268997436,-0.584864659439414,0,Familia 0 (Población Estándar)
HIP 65 A b,-1.5007161622171727,-0.9551447665572758,-0.0564098913523695,1.1651685879384943,0,Familia 0 (Población Estándar)
HIP 67522 b,0.2186550731312549,-1.5223932023469482,-0.1248058567078396,0.5085313184194,0,Familia 0 (Población Estándar)
HIP 67522 c,0.985944933968836,-0.8637318605684985,-0.2669397621179722,0.1068258734292959,0,Familia 0 (Población Estándar)
HIP 8152 b,0.0243342092400639,0.1660123518895166,-0.765525186394149,-0.328787917929257,0,Familia 0 (Población Estándar)
HIP 8152 c,1.0550140108976516,0.5433171129437622,0.3505584225601719,-0.4813738989636443,0,Familia 0 (Población Estándar)
HIP 94235 b,0.4145724513614894,-0.5750854233843348,1.4047631383901042,-0.4851031588498978,0,Familia 0 (Población Estándar)
HIP 9618 b,0.8632317777297286,0.5265624830582096,-0.923707509291075,-0.2925412361857429,0,Familia 0 (Población Estándar)
HIP 9618 c,2.484015248471068,1.2080777624675194,-1.318616739352391,-0.1937044037369028,1,Familia 1 (Población Exótica/Atípica)
HIP 97166 b,0.3397796202711554,0.2239070975190969,1.2065247192439914,0.302767107175261,0,Familia 0 (Población Estándar)
HR 858 b,-0.679331833885805,-1.2666392008040377,-0.8044035215145656,-0.7453776755269864,0,Familia 0 (Población Estándar)
HR 858 c,-0.2670985243537196,-0.9503203183576974,-0.852725745487513,-0.7002359571728084,0,Familia 0 (Población Estándar)
HR 858 d,0.3875519677258366,-0.6131992266635214,-0.940154112785208,-0.6030800840106365,0,Familia 0 (Población Estándar)
L 168-9 b,-1.953402135595874,0.876054763498997,-0.3737388454612158,-0.0719632767219602,0,Familia 0 (Población Estándar)
L 98-59 b,-2.100480154645406,2.3222659972255424,-0.2810060035280302,-1.39072867112478,0,Familia 0 (Población Estándar)
L 98-59 c,-1.856168287822804,2.4133669123825388,-0.4408412060748628,-1.2377442331254906,0,Familia 0 (Población Estándar)
L 98-59 d,-1.4059315011286195,2.668059542015899,-0.4763323190940701,-1.2117232842970278,0,Familia 0 (Población Estándar)
LHS 1478 b,-2.13368224684478,2.0621284302391167,-0.1488439269136933,-0.2043906455433455,0,Familia 0 (Población Estándar)
LHS 1678 b,-2.350931256847353,1.4778358729168832,-0.0990490865902126,0.0557968424724171,0,Familia 0 (Población Estándar)
LHS 1678 c,-1.7221684858564212,2.083039378213421,-0.1444651270002196,-0.3132606213805589,0,Familia 0 (Población Estándar)
LHS 1678 d,-1.5619586965647514,2.203136668727696,-0.1591449452555934,-0.1217389226421352,0,Familia 0 (Población Estándar)
LHS 1815 b,-1.6128149104162717,1.5708778020806988,-0.4534921534163672,-0.4066706317866995,0,Familia 0 (Población Estándar)
LHS 1903 b,-1.7744057509407598,1.1938682132718048,-0.3253712281931707,-0.3693936038013122,0,Familia 0 (Población Estándar)
LHS 1903 c,-0.9929676449705056,1.5840952801052703,0.0837340022278593,-0.3418426265546483,0,Familia 0 (Población Estándar)
LHS 1903 d,-0.330357714498287,1.870857978953058,0.1382351131600912,-0.2866375851827735,0,Familia 0 (Población Estándar)
LHS 3844 b,-2.7297537801937337,1.815174157554733,-0.1007941464567705,1.1005457148750355,0,Familia 0 (Población Estándar)
LP 714-47 b,-1.0955923177948512,0.48931694193231,0.0484052583819259,1.5031576939678843,0,Familia 0 (Población Estándar)
LP 791-18 b,-2.548983327857287,2.381788407100916,0.0640431935757325,0.1995252503938448,0,Familia 0 (Población Estándar)
LP 791-18 c,-1.9033047318945209,2.7180221146552785,-0.1696303427656562,0.3584482387340943,0,Familia 0 (Población Estándar)
LP 890-9 b,-1.8685141510268304,2.705342263718391,1.4425865590917994,0.2919480385340071,0,Familia 0 (Población Estándar)
LTT 1445 A b,-1.371163998417938,2.533196571525952,1.1403013929464318,-0.1231465453746516,0,Familia 0 (Población Estándar)
LTT 1445 A c,-1.678967863252419,2.4854199563043493,1.0101648309241795,-1.0742025890292466,0,Familia 0 (Población Estándar)
LTT 3780 b,-2.35050963991902,1.2582098139298925,-0.2717795337080189,0.3165118414556007,0,Familia 0 (Población Estándar)
LTT 3780 c,-0.7190759600554845,2.184710995368413,-0.2477657215345022,0.5343423861314376,0,Familia 0 (Población Estándar)
LTT 9779 b,-1.506770593390752,-1.6852294718290433,-0.4357240616501119,0.4753085425691812,0,Familia 0 (Población Estándar)
NGTS-11 b,1.896373166659268,0.7760292022534656,-0.0001151496123544,0.8764447030746781,0,Familia 0 (Población Estándar)
NGTS-20 b,4.465455334510836,-1.018562189984519,1.3564128307757726,-0.1761469243260118,1,Familia 1 (Población Exótica/Atípica)
NGTS-27 b,-0.3938952627088153,-2.316572318300128,-0.5863972760389868,-0.3745112240579283,0,Familia 0 (Población Estándar)
NGTS-30 b,4.684820187434775,1.2306159455740464,0.3255157527101019,-0.0063991333184547,1,Familia 1 (Población Exótica/Atípica)
NGTS-31 b,-0.2603714152935578,-1.458343387995882,-0.4930428116967509,0.0500996427586191,0,Familia 0 (Población Estándar)
NGTS-33 b,-0.2299033030094183,-2.766659654358983,-0.6019191126498564,-0.5953839864579169,0,Familia 0 (Población Estándar)
NGTS-34 b,2.721138146914193,-0.1054580170821006,-1.0209961940519994,0.2702301064748663,1,Familia 1 (Población Exótica/Atípica)
NGTS-35 b,1.336521337859755,0.855401925189448,0.5365008434329134,0.4976243919403163,0,Familia 0 (Población Estándar)
NGTS-38 b,7.929689761353997,0.3836022893389261,-0.2491299567602674,1.056631256557164,1,Familia 1 (Población Exótica/Atípica)
Ross 176 b,-1.0603036042308267,1.7712603497385495,1.1226923336038956,-0.6523374118339813,0,Familia 0 (Población Estándar)
TIC 139270665 b,1.4562158937547396,0.0261868017804292,-0.1408080511956714,0.4470131518054088,0,Familia 0 (Población Estándar)
TIC 147027702 b,3.4823892500935205,-1.0988256876954554,-0.581987943971339,-0.7279087973716971,1,Familia 1 (Población Exótica/Atípica)
TIC 172900988 b,8.70831095613137,1.4082624385483418,-2.3968491229650617,1.7485131755801435,1,Familia 1 (Población Exótica/Atípica)
TIC 183374187 b,0.5411805802198186,-1.1133268971357084,2.4683878690655483,-1.993400232469119,0,Familia 0 (Población Estándar)
TIC 237913194 b,1.6377322443444775,-0.4952717889736532,3.019620034048059,-0.0054903909460516,0,Familia 0 (Población Estándar)
TIC 241249530 b,8.09889244345917,0.8528500296381692,3.8196141589041934,-0.2457529494616656,1,Familia 1 (Población Exótica/Atípica)
TIC 245076932 b,2.021241801981541,-0.4976316232079961,1.8161602239162449,-0.486025220322578,0,Familia 0 (Población Estándar)
TIC 257060897 b,-0.1273906343277752,-2.5746556322846788,-0.3648062014139165,-0.3181657488311765,0,Familia 0 (Población Estándar)
TIC 279401253 b,4.620361724289443,0.661551011513884,1.5486747717591167,0.6856241016120559,1,Familia 1 (Población Exótica/Atípica)
TIC 365102760 b,0.8163073774580692,-2.790601857183248,1.6802681719057,-1.294881158822065,0,Familia 0 (Población Estándar)
TIC 393818343 b,1.8999404824224708,-0.3593845983702601,3.322109781596181,0.6656028253245532,0,Familia 0 (Población Estándar)
TIC 434398831 b,-0.8071790838609358,-0.452949478208647,-0.3998499490313031,-0.7012097787724024,0,Familia 0 (Población Estándar)
TIC 434398831 c,-0.3856193051262734,-0.3166078908791014,-0.5585473747930393,-0.4803782910910019,0,Familia 0 (Población Estándar)
TIC 46432937 b,-1.5839301778742827,0.0975008665631472,0.1505141096856419,1.836501074520136,0,Familia 0 (Población Estándar)
TIC 4672985 b,3.640440756531656,0.4063333111725353,-1.0383673372888789,0.9433672433339472,1,Familia 1 (Población Exótica/Atípica)
TIC 52059926 b,6.22331446462143,2.513354228642464,1.5583622254627056,0.3464734059548257,1,Familia 1 (Población Exótica/Atípica)
TIC 87422071 b,0.9200044827854328,-1.5240506125164364,0.0927334546809255,0.1753960293114847,0,Familia 0 (Población Estándar)
TIC 88785435 b,0.0934350065074873,0.3552611512457782,0.1280584258080284,-0.6286342081853076,0,Familia 0 (Población Estándar)
TIC 9344899 b,0.2208910790273446,-0.8594406978983462,-0.2150091106386878,0.49087567832371,0,Familia 0 (Población Estándar)
TOI-1011 b,-1.2419033177409042,-0.4239558058752666,-0.632538705497749,-0.4248008040500105,0,Familia 0 (Población Estándar)
TOI-1052 b,0.4633688275681268,-0.8820856375310132,0.3239510502208649,-0.3232216354953617,0,Familia 0 (Población Estándar)
TOI-1062 b,-0.6120840725422189,-0.1632232801179264,0.5487927000415808,-0.0478185286967841,0,Familia 0 (Población Estándar)
TOI-1064 b,-0.6654760377203415,0.5582962328523318,-0.2307593165645319,0.0312192987708979,0,Familia 0 (Población Estándar)
TOI-1064 c,-0.0546276665565789,0.9782612514014172,-0.1414321416310888,-0.0927046362594343,0,Familia 0 (Población Estándar)
TOI-1075 b,-2.143988424648456,0.2859453480487288,-0.3876112933839769,-0.3126792270608952,0,Familia 0 (Población Estándar)
TOI-1080 b,-1.6340281828856291,2.645210866243896,1.1900991408074748,0.0019750907608507,0,Familia 0 (Población Estándar)
TOI-1107 b,0.0404698786980252,-2.4557898084609677,-0.4535856027677062,-0.6523667422700694,0,Familia 0 (Población Estándar)
TOI-1117 b,-1.165946178314322,-1.0200148160166795,-0.5906779260252968,-0.0967735162547492,0,Familia 0 (Población Estándar)
TOI-1130 b,-0.9594653856799884,0.3055729607915238,-0.0833482806818316,0.2933316723783992,0,Familia 0 (Población Estándar)
TOI-1130 c,-0.2555417593858208,0.1952105196244107,-0.0697213027110597,0.7830632448067082,0,Familia 0 (Población Estándar)
TOI-1135 b,0.1934956475510392,-0.9860558729152988,-0.3095333675170376,-0.4339198963423965,0,Familia 0 (Población Estándar)
TOI-1136 b,-0.7569413064705706,-0.4756131597511148,-0.4998190276615176,-0.3051668851980504,0,Familia 0 (Población Estándar)
TOI-1136 c,-0.2881543344464988,-0.310962705012787,0.0042230651890232,-0.3033222719729888,0,Familia 0 (Población Estándar)
TOI-1136 d,0.3150503068389253,0.0949384108343056,-0.5378979070045273,-0.1677992984802394,0,Familia 0 (Población Estándar)
TOI-1136 e,0.7515031215403881,0.3146157347594386,-0.6313418733992283,-0.1530236277650087,0,Familia 0 (Población Estándar)
TOI-1136 f,1.293491772068432,0.5365706641189698,-0.9890556375981508,0.0100107647161634,0,Familia 0 (Población Estándar)
TOI-1136 g,2.045864455438602,0.9011764169505322,-0.9470514798734784,-0.0531295888712957,1,Familia 1 (Población Exótica/Atípica)
TOI-1173 b,-0.2676814070458985,-0.3109321946237885,-0.3739778576440469,0.3752674271181713,0,Familia 0 (Población Estándar)
TOI-1181 b,-0.1777435081886779,-3.2421506075833832,-0.4441274350001339,0.7638979329365141,0,Familia 0 (Población Estándar)
TOI-1194 b,-0.9840247418738196,-1.16068101745624,-0.2962786733455806,1.108598974434822,0,Familia 0 (Población Estándar)
TOI-1199 b,-0.3172725632748846,-2.0935279738815527,-0.2850326379172,1.0018063847159586,0,Familia 0 (Población Estándar)
TOI-1201 b,-1.7165059708455706,1.2147451620305445,-0.299439568173777,0.3484332888655475,0,Familia 0 (Población Estándar)
TOI-1203.01,1.1937441313694597,0.621787221416974,-0.965874971332072,-1.679164257564067,0,Familia 0 (Población Estándar)
TOI-122 b,-1.5503387588034012,2.06447667349596,-0.3195583969880967,0.1119658689569058,0,Familia 0 (Población Estándar)
TOI-1221 b,4.326460317863811,1.233657852707063,-0.1181821473830307,0.2768260272645877,1,Familia 1 (Población Exótica/Atípica)
TOI-1231 b,0.3630931965423533,2.129796600971896,-0.040599942916415,0.4442357626872001,0,Familia 0 (Población Estándar)
TOI-1232 b,0.7830288303709552,-0.5185849452626069,-0.2112620567341857,0.5818120474350547,0,Familia 0 (Población Estándar)
TOI-1232 c,1.758044885338675,0.1647313992274552,-0.7843263336208434,0.4926689572897197,0,Familia 0 (Población Estándar)
TOI-1233.01,0.2699561222729303,0.7049402436388577,-0.5451117256496395,-1.2464476636747486,0,Familia 0 (Población Estándar)
TOI-1235 b,-1.2490550389491746,0.5943466950244504,-0.0424289975724653,0.9347468642125634,0,Familia 0 (Población Estándar)
TOI-1238 b,-1.6850994841122782,0.18149973419696,1.2457560426474623,0.5196903131911872,0,Familia 0 (Población Estándar)
TOI-1238 c,-1.13459580966815,0.657235588525728,0.6239663998866088,0.8164728455461112,0,Familia 0 (Población Estándar)
TOI-1243 b,-1.106600448212128,1.6848445050788676,-0.0634839796058858,-0.503342151104109,0,Familia 0 (Población Estándar)
TOI-1246 b,-0.7680989385574087,-0.2655819834679372,-0.3101826452947218,0.1598236673965975,0,Familia 0 (Población Estándar)
TOI-1246 c,-0.629333217613843,0.0107050147001099,-0.5712600967003302,0.2530613713149123,0,Familia 0 (Población Estándar)
TOI-1246 d,0.5812502214049466,0.6125150034194315,-0.807274658024915,0.3459761169849309,0,Familia 0 (Población Estándar)
TOI-1246 e,1.731953922310426,1.0345481221113093,-1.017978272760422,0.5130186223477701,0,Familia 0 (Población Estándar)
TOI-1248 b,-0.7397851480843368,-0.366272352141044,-0.4213303230804929,0.6693704345912307,0,Familia 0 (Población Estándar)
TOI-1249 b,0.3376192747898306,-0.0063994290068826,-0.703636909726129,0.6776928136156842,0,Familia 0 (Población Estándar)
TOI-125 b,-0.5635464718554124,0.0099222521691806,0.6160765371977894,-0.5619005571788489,0,Familia 0 (Población Estándar)
TOI-125 c,-0.185265109099609,0.369719173893234,-0.2923915463522549,-0.4033016845426492,0,Familia 0 (Población Estándar)
TOI-125 d,0.8976064267716547,0.7935422532532109,0.2015694985421185,-0.3845494559870165,0,Familia 0 (Población Estándar)
TOI-1260 b,-1.3289582883338684,0.584858792151355,-0.483760190678635,-0.4115302489992299,0,Familia 0 (Población Estándar)
TOI-1260 c,-0.6840121379941891,0.9464016705612792,-0.5496432545188694,-0.3176059799558121,0,Familia 0 (Población Estándar)
TOI-1260 d,0.1219515523439877,1.3457450429532116,-0.7002845624727814,-0.2568171045929904,0,Familia 0 (Población Estándar)
TOI-1266 b,-0.743492937959565,2.145218907604695,-0.2371840828123625,-0.1140116300521006,0,Familia 0 (Población Estándar)
TOI-1266 c,-0.1697869548144019,2.4197908078749943,-0.1754144486691232,-0.1822954869659796,0,Familia 0 (Población Estándar)
TOI-1266 d,0.5480439593876796,2.71750069134,-0.241141345544271,-0.1855611103459386,0,Familia 0 (Población Estándar)
TOI-1268 b,-0.0716811233459855,-0.4477906205060531,0.2682901182132771,1.144920050505726,0,Familia 0 (Población Estándar)
TOI-1269 b,-0.8931038204359532,0.0202778380011662,-0.6228193322627592,-0.4920288872381821,0,Familia 0 (Población Estándar)
TOI-1272 b,-0.5589968902889693,-0.1097088874538235,1.7307631461428543,-0.1393832642265335,0,Familia 0 (Población Estándar)
TOI-1273 b,-0.3846789931364872,-1.032007961030474,-0.1675444970037772,0.0521710920990201,0,Familia 0 (Población Estándar)
TOI-1278 b,0.0639349617093032,1.0179777057499952,-0.127502767465836,0.9164654379155,0,Familia 0 (Población Estándar)
TOI-1279 b,-0.2009323682727647,0.4348486234855399,-0.7172181167238454,-0.4800615997371109,0,Familia 0 (Población Estándar)
TOI-128.01,-0.5049738488885422,-0.6447218901841442,-0.295803660800613,-0.9546262063269532,0,Familia 0 (Población Estándar)
TOI-1288 b,-0.980201863803101,-0.8606547311762742,-0.4071263928547518,0.6445979101615337,0,Familia 0 (Población Estándar)
TOI-1294 b,-0.3116809767718159,-1.9847119422817447,-0.542092369751712,0.4703434533903882,0,Familia 0 (Población Estándar)
TOI-1295 b,-0.2433994268989405,-3.088830036290471,-0.4020664680748743,0.3927514709514381,0,Familia 0 (Población Estándar)
TOI-1296 b,-0.2069032259897728,-2.311272084234109,-0.4866537338211459,0.8852913170779918,0,Familia 0 (Población Estándar)
TOI-1298 b,-0.1980437381720794,-1.8858171204329703,-0.4892948431884116,0.9316784677151104,0,Familia 0 (Población Estándar)
TOI-132 b,-1.2005218179916846,-0.8681630490234103,-0.0910332207624264,0.1402054686799573,0,Familia 0 (Población Estándar)
TOI-1333 b,0.293819570378373,-2.744186908068006,-0.1428856128326824,-0.072407682729593,0,Familia 0 (Población Estándar)
TOI-1346 b,-1.3222097047982666,-0.1957595510392673,0.2856370360600453,-0.4329353151392167,0,Familia 0 (Población Estándar)
TOI-1346 c,-0.6870072679041728,0.3780542777171599,0.0918503990076681,-0.3539359958552357,0,Familia 0 (Población Estándar)
TOI-1347 b,-1.721102968946403,-0.4960302665254783,-0.4798304795553948,-0.1825828274341303,0,Familia 0 (Población Estándar)
TOI-1347 c,-0.8960447437865438,0.1707294017177535,-0.6013922452077932,-0.1871023422396755,0,Familia 0 (Población Estándar)
TOI-1386 b,1.39923914710512,0.2167539548316107,-0.8855106233178449,0.4369282087251539,0,Familia 0 (Población Estándar)
TOI-139 b,-0.3379607616602121,1.3415673266054782,-0.4119466156129895,-0.7874979083177838,0,Familia 0 (Población Estándar)
TOI-1408 b,-0.0290224163097893,-2.657460768301505,-0.481460764821984,0.606893991917324,0,Familia 0 (Población Estándar)
TOI-1408 c,-0.5385664311652455,-1.9822157977933863,0.1530416626957149,-0.2823379711952176,0,Familia 0 (Población Estándar)
TOI-1410.01,-1.634987064516818,-0.4135267110132913,-0.3195191088094876,0.90618060527681,0,Familia 0 (Población Estándar)
TOI-1411 b,-1.845622798100972,0.6534730507795055,-0.4415723505848611,-0.1663452804872234,0,Familia 0 (Población Estándar)
TOI-1416 b,-1.758199322305708,-0.4551561707121844,-0.5249670759966031,-0.1777480525313669,0,Familia 0 (Población Estándar)
TOI-1420 b,-0.0175992985049439,-0.4940173499055644,0.5919173608353514,0.7040025610860833,0,Familia 0 (Población Estándar)
TOI-1431 b,-0.0607431108185566,-3.744737887880276,-0.6414510140117775,-0.2525422220054691,0,Familia 0 (Población Estándar)
TOI-1437 b,1.148327905399933,0.3024865565379578,-0.0960345048641313,-2.301630804660173,0,Familia 0 (Población Estándar)
TOI-1438 b,-0.7574835456804607,0.0133965334263385,-0.5877366595734274,-0.1612668551546037,0,Familia 0 (Población Estándar)
TOI-1438 c,-0.2281838337920109,0.3389705950007706,-0.674382836781956,-0.1283308727879916,0,Familia 0 (Población Estándar)
TOI-1439 b,2.159048612701869,-0.6837772277641883,-0.0984641496466976,0.0638610697680432,0,Familia 0 (Población Estándar)
TOI-1442 b,-2.631496269797687,1.4639724479876317,-0.313429743501583,-0.2282066756774101,0,Familia 0 (Población Estándar)
TOI-1443 b,0.7367507373011636,1.3180671506066322,-0.9125459998896686,-0.9411960637439858,0,Familia 0 (Población Estándar)
TOI-1444 b,-1.9056406450148795,-1.2624298416841666,-0.5764088294830614,-0.1645487618243878,0,Familia 0 (Población Estándar)
TOI-1448 b,-0.5259893786589444,1.7225122942405788,2.064037035824584,1.2151096811598363,0,Familia 0 (Población Estándar)
TOI-1450 A b,-1.8764651899900453,1.4560348295377392,-0.3361811188595747,-0.412789435257296,0,Familia 0 (Población Estándar)
TOI-1451 b,0.6300567611022007,0.2118439466280637,-0.8729128833416633,-0.2609803989783256,0,Familia 0 (Población Estándar)
TOI-1452 b,-1.1381006023281883,2.6598637952782838,-0.3699089004003265,0.1880961896333146,0,Familia 0 (Población Estándar)
TOI-1453 b,-1.1857102103225976,0.7212114236673592,-0.6965010000426619,-1.349507657697182,0,Familia 0 (Población Estándar)
TOI-1453 c,-0.7217449323058677,0.8852708514092534,-0.7407629235622302,-1.220767527691506,0,Familia 0 (Población Estándar)
TOI-1468 b,-2.032637049032261,1.6195937009500456,-0.2346556688525515,0.1323384398179619,0,Familia 0 (Población Estándar)
TOI-1468 c,-0.4352010285372445,2.4066686159002293,0.2095860385699701,0.1593790250568166,0,Familia 0 (Población Estándar)
TOI-1470 b,-1.2829724199434491,1.2560507814947468,1.5593313807668083,-0.1719731406496806,0,Familia 0 (Población Estándar)
TOI-1470 c,0.5574919720822399,2.130422455517305,2.562933178628248,-0.2920184219998298,0,Familia 0 (Población Estándar)
TOI-1472 b,-0.4714670223043729,-0.129393157223379,-0.239666645384792,0.6713103991543028,0,Familia 0 (Población Estándar)
TOI-150.01,0.6069798704120545,-2.243493553316847,1.1268836357162737,0.3912592734127961,0,Familia 0 (Población Estándar)
TOI-1516 b,-0.5999195068892788,-2.016214141494302,-0.2340774093005482,-0.2518835034665045,0,Familia 0 (Población Estándar)
TOI-1533 b,-0.9407597357384408,-0.3855467632200859,-0.4488448722561315,0.5684702055718965,0,Familia 0 (Población Estándar)
TOI-1533 c,-0.2533689186223004,-0.1847298275759888,-0.4917028192650904,0.7816770042584807,0,Familia 0 (Población Estándar)
TOI-157 b,-0.8923476135230978,-1.7895268535872304,-0.3188192519702014,0.7545696629737215,0,Familia 0 (Población Estándar)
TOI-159 b,0.3971940664260489,-3.0079144803046307,1.001216942500151,0.4170485357941951,0,Familia 0 (Población Estándar)
TOI-1601 b,0.3929214195245838,-2.957476990404858,-0.6026224077300374,0.5784421411468147,0,Familia 0 (Población Estándar)
TOI-163 b,-0.0254443010065462,-2.5407246815727307,-0.5412918845434349,0.4104646520360915,0,Familia 0 (Población Estándar)
TOI-1634 b,-2.1342009854543647,0.920511719548568,-0.2206003486046349,0.8736193715909704,0,Familia 0 (Población Estándar)
TOI-1648 b,-0.2532060041204949,0.2367781744475623,0.5395975700036137,0.2016462771227454,0,Familia 0 (Población Estándar)
TOI-1669 c,-1.004186743551017,-0.9765300081451066,-0.5339854726953871,0.381594686615157,0,Familia 0 (Población Estándar)
TOI-1670 b,1.289317510347411,-0.7587478202152946,2.860291198524663,-0.9150760330358289,0,Familia 0 (Población Estándar)
TOI-1670 c,2.772071998641926,-0.1544301744510256,-0.5576999315367267,0.2289392180608568,1,Familia 1 (Población Exótica/Atípica)
TOI-1680 b,-1.522679133988463,2.525881727041805,1.1401918085603109,0.3795481434097281,0,Familia 0 (Población Estándar)
TOI-1683.01,-1.2097750438623291,0.308138117595283,-0.0006398227519903,0.1598398319007328,0,Familia 0 (Población Estándar)
TOI-1685 b,-2.231508228904712,0.8214864208964731,-0.2995771053354978,-0.00154629933622,0,Familia 0 (Población Estándar)
TOI-169 b,-0.7472230874204587,-2.0892256408514376,-0.4130332944539499,0.5787732254170102,0,Familia 0 (Población Estándar)
TOI-1693 b,-1.8500742386242308,1.3118721688616068,0.0620273598959249,-0.0626153779263734,0,Familia 0 (Población Estándar)
TOI-1694 b,-0.7802066280247225,-0.1087851040551505,0.3145128410813885,-0.0451243966905161,0,Familia 0 (Población Estándar)
TOI-1695 b,-1.42068602196101,1.2099406912004116,0.240830779725821,-0.0184097360604078,0,Familia 0 (Población Estándar)
TOI-1696 b,-1.794201071977528,1.682656298691756,0.454065371876987,1.6588785469777234,0,Familia 0 (Población Estándar)
TOI-172 b,1.1983056931969638,-1.8523915628568144,1.7930553299679657,-0.1452480443493152,0,Familia 0 (Población Estándar)
TOI-1728 b,-1.1445151908560207,0.4720505137880721,0.1018413500732966,0.9552040182813486,0,Familia 0 (Población Estándar)
TOI-1736 b,-0.0664633280991002,-1.0804012735974138,-0.7548222056449966,-0.1847807574820543,0,Familia 0 (Población Estándar)
TOI-1742 b,1.52916181700442,0.0867437190395138,0.9248303323767814,-0.1416414535278579,0,Familia 0 (Población Estándar)
TOI-1743 b,-1.61081876250898,1.851267697812509,-0.1047141597444417,1.0132412584322623,0,Familia 0 (Población Estándar)
TOI-1749 b,-1.3977307100940175,1.0191271167112663,0.4917236498812153,-0.8313557513282065,0,Familia 0 (Población Estándar)
TOI-1749 c,-1.244092016401552,1.2511390473942487,-0.3648732075612674,-0.748518973305255,0,Familia 0 (Población Estándar)
TOI-1749 d,-0.6243715305874703,1.5734335777899513,-0.166131105271452,-0.7302419031650051,0,Familia 0 (Población Estándar)
TOI-1751 b,2.4981447652169577,0.5477384919220789,0.7247666035878378,-1.972982533123013,1,Familia 1 (Población Exótica/Atípica)
TOI-1752 b,-2.087450180708156,0.7833523014590811,-0.3796964011106206,-0.3766541004746829,0,Familia 0 (Población Estándar)
TOI-1752 c,0.8123311126020222,2.3395506789753275,-0.3840120194943783,-0.1753592982743595,0,Familia 0 (Población Estándar)
TOI-1753 b,-0.5776713702119094,-0.2691163603154106,-0.6301210012672604,-0.2749494491662952,0,Familia 0 (Población Estándar)
TOI-1759 b,0.1573815992098867,1.5591034240700807,-0.6400253742016108,0.3229294895310985,0,Familia 0 (Población Estándar)
TOI-1774.01,0.7237038862911501,0.0032826325973451,-0.6289816908605705,-0.5774977273991253,0,Familia 0 (Población Estándar)
TOI-1775 b,-0.1040460860056371,-0.0221716620783396,-0.4688487237962094,0.6671794055701391,0,Familia 0 (Población Estándar)
TOI-1776 b,-1.187184493277481,-0.2368321274657427,-0.7607425311623579,-1.2678468867287205,0,Familia 0 (Población Estándar)
TOI-178 b,-1.5533715136765986,0.5307649714484508,-0.5430921421342463,-1.1577485868191897,0,Familia 0 (Población Estándar)
TOI-178 c,-1.2901171697394025,0.609394473626056,-0.5964033467873225,-0.9942059460467756,0,Familia 0 (Población Estándar)
TOI-178 d,-0.7439698536613335,0.8212820738548605,-0.6219602286308992,-0.9121873703671024,0,Familia 0 (Población Estándar)
TOI-178 e,-0.3889931764494759,1.0525547607136077,-0.7559804159964969,-0.9337507755108476,0,Familia 0 (Población Estándar)
TOI-178 g,0.4234040338798311,1.4517771707284628,-0.879293826284251,-0.8212238032276334,0,Familia 0 (Población Estándar)
TOI-1789 b,0.00768515549021,-3.3471144026211066,-0.3011636092820952,0.5536720587967363,0,Familia 0 (Población Estándar)
TOI-1794 b,0.0383625401143318,-0.6536985947694716,-0.8010121829025709,-0.4835758975422108,0,Familia 0 (Población Estándar)
TOI-1801 b,-0.7454083360168727,1.8004929860869536,-0.5542872969017923,-0.4701340001630618,0,Familia 0 (Población Estándar)
TOI-1803 b,-0.7721653127885506,0.6283224806687392,-0.5254157473151941,-0.0090727773570656,0,Familia 0 (Población Estándar)
TOI-1803 c,-0.0848924010863895,0.9633266618984856,-0.6373985015451703,0.0722491693302982,0,Familia 0 (Población Estándar)
TOI-1806.01,-0.4504243046541228,2.2687424204746787,-0.129062671779664,0.3044458495934412,0,Familia 0 (Población Estándar)
TOI-1807 b,-2.019022428349205,-0.4495988230276144,-0.51663719484779,-0.2797880704977294,0,Familia 0 (Población Estándar)
TOI-181 b,-0.5528531934507049,-0.061183438398018,0.6236888712424842,0.8346864282083492,0,Familia 0 (Población Estándar)
TOI-1811 b,-0.788325504291321,-0.4452534451565269,0.1283645937988644,1.2739507629924962,0,Familia 0 (Población Estándar)
TOI-1820 b,-0.0901384157456424,-1.7510886686668783,-0.2012887169962323,0.3252852687591161,0,Familia 0 (Población Estándar)
TOI-1823 b,1.7804808496910058,0.9679291476113868,-0.8602127717763954,1.0787575654880703,0,Familia 0 (Población Estándar)
TOI-1824 b,0.8434099257824927,0.8874426743981952,-0.8281567074709539,0.3354358560491527,0,Familia 0 (Población Estándar)
TOI-1836 b,1.4890532557908924,-0.8967792703192421,-1.075285669762011,-0.7642056451218023,0,Familia 0 (Población Estándar)
TOI-1836 c,-0.9087571934028972,-2.0723533217521783,-0.8337777482309415,-1.4096105563599948,0,Familia 0 (Población Estándar)
TOI-1842 b,1.2374207400909605,-2.281167012612827,0.983075857991216,0.1997700159465548,0,Familia 0 (Población Estándar)
TOI-1846 b,-1.5091460094585585,1.6269576130950816,0.0911108995911106,0.6685859241988742,0,Familia 0 (Población Estándar)
TOI-1853 b,-1.4801779120382144,-0.8028935619720946,-0.191000092886609,0.1941448921691947,0,Familia 0 (Población Estándar)
TOI-1855 b,-1.0817823583313289,-1.8872143742679652,0.0019444429896877,1.3548267201467667,0,Familia 0 (Población Estándar)
TOI-1859 b,4.55844348471375,0.1268058466055428,2.2175559366087314,-0.1259317363742386,1,Familia 1 (Población Exótica/Atípica)
TOI-1860 b,-1.6560494303664888,-0.9435662852293666,-0.6064509751397976,-0.4316027483288346,0,Familia 0 (Población Estándar)
TOI-1883 b,-1.2328622456517109,1.0305033677562607,-0.1924167056017814,1.3725086486223876,0,Familia 0 (Población Estándar)
TOI-1898 b,3.697320429920247,-0.262282717000568,1.7170704182741785,-1.0282830337369384,1,Familia 1 (Población Exótica/Atípica)
TOI-1899 b,0.952892515012256,1.2916691390021244,-0.20139735461888,1.5229100160778424,0,Familia 0 (Población Estándar)
TOI-1937 A b,-1.2577524689058204,-2.2010716052105423,-0.3055879134849324,0.6340889813117545,0,Familia 0 (Población Estándar)
TOI-198 b,-0.7541149711749123,2.5269056712868334,0.2509567413739741,-2.1367540465483463,0,Familia 0 (Población Estándar)
TOI-199 b,4.353013986167086,1.7061313079192548,-0.9299529118601244,1.0920058708658131,1,Familia 1 (Población Exótica/Atípica)
TOI-1994 b,0.9280481182613834,-3.7942081817009568,1.4484937035592718,-0.9359494829622208,0,Familia 0 (Población Estándar)
TOI-2000 b,-0.8422614227099794,-1.3332620590058497,-0.5379146189040331,0.8453441766810114,0,Familia 0 (Población Estándar)
TOI-2000 c,0.2810143633088617,-0.9722890363637662,-0.1236830420122055,1.2020184496186903,0,Familia 0 (Población Estándar)
TOI-2005 b,2.8033709892706167,-2.030451561012217,2.7976958883455763,-1.0002102796870278,1,Familia 1 (Población Exótica/Atípica)
TOI-201 b,3.787430164585209,-0.1626126698701938,0.3948901714829588,-0.074681487352965,1,Familia 1 (Población Exótica/Atípica)
TOI-201 c,23.632892837107164,5.365818811305904,-2.5872491589736386,0.9267935206918708,1,Familia 1 (Población Exótica/Atípica)
TOI-201 d,0.1869846047044875,-0.8033603183597257,1.0567279964539904,-0.9394643892741296,0,Familia 0 (Población Estándar)
TOI-2010 b,6.039275671944401,1.3589737176647825,-0.4803153778328371,0.871921842446188,1,Familia 1 (Población Exótica/Atípica)
TOI-2015 b,-1.7533165571787734,2.259882444026051,0.2175513876148761,-0.5295577953241071,0,Familia 0 (Población Estándar)
TOI-2018 b,-0.7887910115004763,1.5452313905168635,-0.7125075821765945,-1.8303496972098756,0,Familia 0 (Población Estándar)
TOI-2019 b,1.0755303569028425,-1.3853482306220932,-0.8344086281051847,0.7227361186453847,0,Familia 0 (Población Estándar)
TOI-2025 b,1.0534383766040565,-1.587477981256808,1.908313062023434,-0.0347944321321197,0,Familia 0 (Población Estándar)
TOI-2031 A b,0.0052231597950742,-1.3060643349922465,-0.1712613608420357,-0.9658011571061552,0,Familia 0 (Población Estándar)
TOI-2046 b,-0.7274810932536963,-1.9760375970969248,-0.2540271698070042,-0.246673927765558,0,Familia 0 (Población Estándar)
TOI-206 b,-2.4113275794800555,1.4040928990940484,-0.2558717509761498,0.0968237370327989,0,Familia 0 (Población Estándar)
TOI-2068 b,-0.6951943242725295,1.3288322162915824,0.3816516981551247,0.8557926196672364,0,Familia 0 (Población Estándar)
TOI-2076 b,-0.2005778307643468,0.6218895295657397,-0.6496405227934569,-0.4110672460130165,0,Familia 0 (Población Estándar)
TOI-2076 c,0.7247677133375195,0.930483832407467,-0.6368002792411407,-0.1836836404258698,0,Familia 0 (Población Estándar)
TOI-2076 d,1.556992118872948,1.1443353379130388,-0.906476010098156,-0.2236960687266505,0,Familia 0 (Población Estándar)
TOI-2076 e,-1.199573887001007,0.0523944619070394,-0.5864349351197623,-0.3550981488655361,0,Familia 0 (Población Estándar)
TOI-2081 b,-0.5035176202188498,1.7881777653573574,-0.3049344788198998,-1.7033425769200663,0,Familia 0 (Población Estándar)
TOI-2084 b,-1.1171762741996625,1.7113259304488684,-0.0311443149260636,-0.2932773473376313,0,Familia 0 (Población Estándar)
TOI-2088 b,4.644029680441612,1.893214422096401,-1.6505068167861914,1.407374475977773,1,Familia 1 (Población Exótica/Atípica)
TOI-2093 c,1.9779539627700984,2.3408080980692136,-1.1192446133683691,0.0799260970546074,1,Familia 1 (Población Exótica/Atípica)
TOI-2094 b,0.2411328637439095,2.681235116959495,0.1457920940226283,0.0614242619835567,0,Familia 0 (Población Estándar)
TOI-2095 b,-0.4924032239487321,2.79415410054734,-0.6120321553862611,-0.4043421420460866,0,Familia 0 (Población Estándar)
TOI-2095 c,0.0935581284340304,2.994185206355184,-0.7106044464329546,-0.3215083947990305,0,Familia 0 (Población Estándar)
TOI-2096 b,-1.80301989984552,2.380543215596246,0.7349593836629373,0.1805922643873009,0,Familia 0 (Población Estándar)
TOI-2096 c,-1.4543662425629935,2.5626434727405742,0.3952028009808846,0.3169906697516041,0,Familia 0 (Población Estándar)
TOI-2107 b,-0.9062014052367198,-1.1317117178090688,-0.1356220255459603,0.3188483850517164,0,Familia 0 (Población Estándar)
TOI-2109 b,-0.9823793855238953,-3.969624233127547,-0.3948667014670381,-0.2482289047118597,0,Familia 0 (Población Estándar)
TOI-2120 b,-1.1335132159900831,2.177361138906687,1.9065925262840493,1.3823793040921273,0,Familia 0 (Población Estándar)
TOI-2128 b,0.6392259127155072,0.1374790557074043,-0.9921313712111052,-0.762045667880621,0,Familia 0 (Población Estándar)
TOI-2133 b,-1.1768884223624665,0.6979076858216579,-0.1687175805648993,-0.1195837235060581,0,Familia 0 (Población Estándar)
TOI-2134 b,-0.4477215175247057,1.0089922682017791,-0.1445877522388074,0.3864905198680026,0,Familia 0 (Población Estándar)
TOI-2134 c,4.41365868165615,2.414677308490973,2.905940766373149,0.2906340563599487,1,Familia 1 (Población Exótica/Atípica)
TOI-2136 b,-1.1882172766127463,2.2074956743054828,-0.3319388416202004,0.4838943979519762,0,Familia 0 (Población Estándar)
TOI-2141 b,0.7691265017672586,0.4515355387089414,-0.5093315849898954,-0.7548043649700831,0,Familia 0 (Población Estándar)
TOI-2145 b,1.6612935713665924,-3.233770335719178,0.5578334850234918,0.0701952963813543,0,Familia 0 (Población Estándar)
TOI-2147 b,2.002699449573368,-0.2057574501374547,0.7786651090916279,-1.3770669919772325,0,Familia 0 (Población Estándar)
TOI-2152 A b,-0.0563735408128834,-2.7675853188876984,-0.1214480220931356,0.5683812988852868,0,Familia 0 (Población Estándar)
TOI-2154 b,-0.1392694823336135,-1.9885101364053743,0.18866644617499,-0.2860188186417711,0,Familia 0 (Población Estándar)
TOI-2158 b,0.3191103005959765,-1.683416304892729,-0.0306980282961532,1.2277746411362818,0,Familia 0 (Población Estándar)
TOI-2169 A b,0.6728683823949864,-2.1833530883126864,-0.4273754047119805,-0.0452467289075924,0,Familia 0 (Población Estándar)
TOI-2180 b,8.870625215382,1.322014078435637,-0.1496733656060063,0.9245471037291932,1,Familia 1 (Población Exótica/Atípica)
TOI-2184 b,0.8437186858955047,-3.2740884130770813,-0.3277142911114848,-0.5004606906904907,0,Familia 0 (Población Estándar)
TOI-2193 A b,-0.7959562182066606,-2.0029150046262263,-0.4328297462615221,0.0119741892060559,0,Familia 0 (Población Estándar)
TOI-2194 b,0.1857545388191589,1.517751901209951,-0.5627612617725021,-1.2281095540004412,0,Familia 0 (Población Estándar)
TOI-2196 b,-1.3979333081909917,-1.4765590939447828,-0.5174531297121459,0.0137052453800933,0,Familia 0 (Población Estándar)
TOI-220 b,-0.0237934663813148,0.3604990574334333,-0.5888131834684222,-1.007518616657483,0,Familia 0 (Población Estándar)
TOI-2202 b,0.0035804353590017,0.0103835979621209,-0.3014317073491505,0.4692316724077205,0,Familia 0 (Población Estándar)
TOI-2207 b,0.6582514924878599,-1.7650442426387225,0.4431491482167667,0.0782026014040541,0,Familia 0 (Población Estándar)
TOI-2236 b,-0.2345772257210201,-2.40857794843502,-0.5279791248139845,0.1120653622199215,0,Familia 0 (Población Estándar)
TOI-2257 b,0.9601723573580244,3.1809856040301203,2.3773521877676576,-0.9271885586740356,0,Familia 0 (Población Estándar)
TOI-2260 b,-2.001988474883602,-1.578192142863285,-0.5267367669979963,0.1691982589468925,0,Familia 0 (Población Estándar)
TOI-2266 b,-1.990348425753508,2.1593400240909206,0.2778116551313062,-0.1570715444935165,0,Familia 0 (Población Estándar)
TOI-2267 b,-1.900734198396318,2.2945710908402424,1.0182155668864423,0.707998326314852,0,Familia 0 (Población Estándar)
TOI-2267 c,-1.6848189880401816,2.389944824828284,1.0720200161341522,0.7480563329282846,0,Familia 0 (Población Estándar)
TOI-2274 b,-1.08251118244153,0.6699948768249849,0.0364933138228696,-0.156369585576799,0,Familia 0 (Población Estándar)
TOI-2285 b,-0.2841612422935221,2.1715117362569702,0.2719248619515097,-0.0852588108789923,0,Familia 0 (Población Estándar)
TOI-2295 b,2.5930049536777933,-0.7938784764720938,1.212456551060542,0.6587446588146947,1,Familia 1 (Población Exótica/Atípica)
TOI-2322 b,-0.3047270140598051,1.2705640208990596,-0.7718676176999625,-0.6446780320281612,0,Familia 0 (Población Estándar)
TOI-2322 c,0.4824553007448747,1.429692687657995,-0.8136779772086568,-0.3727593057651311,0,Familia 0 (Población Estándar)
TOI-2328 b,0.736226109668921,0.0975148433672833,-0.3435181169030112,0.317647176708005,0,Familia 0 (Población Estándar)
TOI-2337 b,0.5504042014862149,-3.585074206102973,-0.5626717107709136,0.4240374316940166,0,Familia 0 (Población Estándar)
TOI-2338 b,2.340297349256343,-0.2069811870278928,3.6221693532885126,0.3063818364642011,1,Familia 1 (Población Exótica/Atípica)
TOI-2345 b,-1.802296633244036,-0.1010903178456417,-0.2206665694273608,-0.7392201293336993,0,Familia 0 (Población Estándar)
TOI-2345 c,0.4307962414851271,1.2915115337787109,-0.5927309578148593,-0.4314868397840237,0,Familia 0 (Población Estándar)
TOI-2346 b,-0.2633871852839612,-2.082913317517047,-0.0013571577522498,-0.3720944978496154,0,Familia 0 (Población Estándar)
TOI-2364 b,-0.7267069834647427,-0.7235229946547275,-0.3418341566974507,1.1418543977026616,0,Familia 0 (Población Estándar)
TOI-2368 b,-0.4638771319779692,-0.4225972752227939,0.0132261646947865,0.4674480320722447,0,Familia 0 (Población Estándar)
TOI-237 b,-1.7698648784965745,2.600603288956947,-0.227735600538531,0.3809091698836885,0,Familia 0 (Población Estándar)
TOI-2373 b,0.8752613778874767,-0.82726759805584,0.2454490975503548,1.1067289924948818,0,Familia 0 (Población Estándar)
TOI-2374 b,-0.6991893059444362,0.0350236470061638,0.4956849359468895,0.4544839059707145,0,Familia 0 (Población Estándar)
TOI-2379 b,-0.2114327598533842,0.2014410980282657,2.175450883124584,1.9918925939480263,0,Familia 0 (Población Estándar)
TOI-238 b,-1.6487782014452177,-0.1053673414586084,-0.1874914571420955,-0.8189514756816139,0,Familia 0 (Población Estándar)
TOI-2382 b,0.1154258044153691,-1.926732190332258,0.6234563978317638,0.3658137161675588,0,Familia 0 (Población Estándar)
TOI-2384 b,-1.3430413069963365,-0.0806200497499892,-0.0085307310319002,1.684447143286135,0,Familia 0 (Población Estándar)
TOI-2406 b,-1.7955250303160604,2.525574319897908,0.8876113015064587,-0.3594122597164823,0,Familia 0 (Población Estándar)
TOI-2407 b,-1.3322785522266405,0.7139214691771298,0.2527339466944006,0.7794549972760595,0,Familia 0 (Población Estándar)
TOI-2411 b,-1.9127063223943597,-0.003242285384739,-0.0430309847841443,-0.096419809929696,0,Familia 0 (Población Estándar)
TOI-2416 b,0.7189170883263919,-1.335055349697737,1.5504590745323117,0.6833541969795845,0,Familia 0 (Población Estándar)
TOI-2420 b,0.3638226750442861,-2.626488935907233,-0.2932828600703215,0.0340669003986449,0,Familia 0 (Población Estándar)
TOI-2421 b,-0.1749809479133584,-2.2008617948339357,-0.6001817224050111,0.1131347803840662,0,Familia 0 (Población Estándar)
TOI-2427 b,-1.771526482160918,0.3287977597661576,-0.1065318862408237,-0.2517116713923186,0,Familia 0 (Población Estándar)
TOI-244 b,-1.0682872016916631,2.085213080264096,-0.3433118836936328,-1.2221791988462207,0,Familia 0 (Población Estándar)
TOI-2443 b,0.4567567954122658,1.3741370141562033,1.067239603350222,-1.4134776960916693,0,Familia 0 (Población Estándar)
TOI-2445 b,-2.6870463146417043,1.5544027140555363,-0.2506688954724644,-0.0354791555017628,0,Familia 0 (Población Estándar)
TOI-2447 b,3.890506144846905,0.7973185044076838,-0.2700753292909377,0.6172753219545158,1,Familia 1 (Población Exótica/Atípica)
TOI-2449 b,4.869774631671653,1.2306176870161152,-1.0337039474961525,0.2113411656827536,1,Familia 1 (Población Exótica/Atípica)
TOI-2458 b,-0.5137374200895959,-1.2446932975855414,-0.2264881872400651,-1.114643045555599,0,Familia 0 (Población Estándar)
TOI-2485 b,0.871140778026422,-1.626186891640345,-0.4165297227703479,0.5873805780807115,0,Familia 0 (Población Estándar)
TOI-2497 b,1.6423839435428609,-3.0764043720965804,0.3357709968832112,-0.5034217881487418,0,Familia 0 (Población Estándar)
TOI-2498 b,-0.4324132010822159,-1.4467646010146231,-0.0264307109515683,0.0127303091545086,0,Familia 0 (Población Estándar)
TOI-251 b,-0.5895588923777797,-0.4127843102144859,-0.5392661981490122,-0.394305343199652,0,Familia 0 (Población Estándar)
TOI-2524 b,-0.0551957918046559,-0.9467170116691748,-0.5372292313778471,0.1630055315939849,0,Familia 0 (Población Estándar)
TOI-2525 b,1.1408297037002857,0.7085493520814258,0.3256972511473847,0.4426099132145661,0,Familia 0 (Población Estándar)
TOI-2525 c,2.5097629856156067,1.1118351885238624,0.0440995024827242,0.7667324376005366,1,Familia 1 (Población Exótica/Atípica)
TOI-2529 b,3.804509349162903,-0.2486668820509031,-1.1980200082516692,0.3519576428566328,1,Familia 1 (Población Exótica/Atípica)
TOI-2537 b,4.227365522798862,1.7223280485010375,1.0208171169150069,0.5591789866772248,1,Familia 1 (Población Exótica/Atípica)
TOI-2567 b,0.0512868019927308,-1.928516190168465,-0.6245098533223761,0.3062090178171983,0,Familia 0 (Población Estándar)
TOI-257 b,1.51786640656168,-1.4681707361468186,-1.0050724696279745,-0.0179275206154168,0,Familia 0 (Población Estándar)
TOI-2570 b,-0.6917015723873229,-1.5090624698954274,-0.3745297982295901,0.6130081396946572,0,Familia 0 (Población Estándar)
TOI-2580 b,-0.1941918688494798,-2.9909521891975466,-0.0740476403132469,0.3107121910863269,0,Familia 0 (Población Estándar)
TOI-2583 A b,-0.2015380770939216,-1.911561663118898,-0.5744817762858422,0.1806549186786148,0,Familia 0 (Población Estándar)
TOI-2587 A b,0.0012201085183536,-2.0331949138769443,-0.6565484826388622,-0.0700569744727869,0,Familia 0 (Población Estándar)
TOI-2589 b,3.921299300801961,0.5546328242833136,2.165497782231008,0.2429018941568198,1,Familia 1 (Población Exótica/Atípica)
TOI-260 b,-0.238855119400431,1.6021928575428237,-0.835232137235411,-1.6510918767971112,0,Familia 0 (Población Estándar)
TOI-261.01,-0.6622633950070058,-1.3662757800813328,0.1753795163022128,-1.2011823630537874,0,Familia 0 (Población Estándar)
TOI-262 b,0.8114499663389577,0.6299273082822765,-0.6839532314011774,0.6572908326578075,0,Familia 0 (Población Estándar)
TOI-2641 b,0.0949391245954632,-1.5375027251560087,0.4968175194858208,-0.8765392030302708,0,Familia 0 (Población Estándar)
TOI-2669 b,1.1190475406651927,-3.5097800199380296,-0.2793774266146104,-0.7161405528419907,0,Familia 0 (Población Estándar)
TOI-269 b,-1.0019816231950525,1.9049441619764085,2.3010155733997424,-1.0697331504653416,0,Familia 0 (Población Estándar)
TOI-270 b,-1.739470596826801,1.906914741094119,-0.2797698583897382,-0.162068965407904,0,Familia 0 (Población Estándar)
TOI-270 c,-1.4265377762154683,1.8259844075681104,-0.2610897916427854,0.5376316172459614,0,Familia 0 (Población Estándar)
TOI-270 d,-0.82642970579113,2.2638391379509915,-0.4042901923356192,0.2624531910593446,0,Familia 0 (Población Estándar)
TOI-2714 b,-0.4781482693130944,-1.939072698004985,0.6595237411395871,0.6381887004387229,0,Familia 0 (Población Estándar)
TOI-2719 b,-0.4245649959556639,-1.9920265781201825,-0.1487205518185767,0.3431793067915852,0,Familia 0 (Población Estándar)
TOI-2768 b,-1.548251318860943,0.4500175263344124,-0.1351880169510863,-0.2093135872458714,0,Familia 0 (Población Estándar)
TOI-277 b,-1.4774396935106653,1.5243958542885665,0.2728456160438426,-0.0404443085749245,0,Familia 0 (Población Estándar)
TOI-2796 b,-0.3657012666528801,-1.2349790408646222,-0.4056851609410629,0.8066282855497723,0,Familia 0 (Población Estándar)
TOI-2803 A b,-0.841854211286936,-2.0385406124702445,-0.4941781109964813,-0.4562785879376126,0,Familia 0 (Población Estándar)
TOI-2818 b,-0.4631478119706127,-1.4199397595432603,-0.4912473443011077,-0.1377293033963816,0,Familia 0 (Población Estándar)
TOI-283 b,0.3929820701823642,0.851607916598343,-0.8643126121447783,-0.5182758004362581,0,Familia 0 (Población Estándar)
TOI-2842 b,-0.4912548790213433,-1.753850742017649,-0.4672219003370484,0.5451403498354014,0,Familia 0 (Población Estándar)
TOI-286 b,-0.9942987092328892,0.3453034285643814,-0.6276955209764856,-0.4926502808081812,0,Familia 0 (Población Estándar)
TOI-286 c,1.5782668991491198,1.5745489102334993,-1.1423501383593888,-0.285233916823113,0,Familia 0 (Población Estándar)
TOI-2876 b,-0.2039580651274675,-0.4430835406577267,0.4281695812365879,1.0630957405900232,0,Familia 0 (Población Estándar)
TOI-2886 b,-0.7119853615124901,-2.46129725739698,0.34062431204285,0.6994638709341064,0,Familia 0 (Población Estándar)
TOI-2969 b,-1.332969734978919,-0.4952479201455584,-0.1923033822286493,0.6413381067052687,0,Familia 0 (Población Estándar)
TOI-2977 b,-0.8834918504822153,-1.469314923028903,-0.3745095729944723,0.0932200871309595,0,Familia 0 (Población Estándar)
TOI-2981 b,-0.4549820464995306,-1.3672375071354166,-0.2536086819546989,-0.3746076343496175,0,Familia 0 (Población Estándar)
TOI-2986 b,-0.3046008138905619,-1.930633722415747,0.3029704367396639,-0.2576770423178612,0,Familia 0 (Población Estándar)
TOI-2989 b,-0.9779503177277588,-0.2343111859720356,-0.2128851158046128,0.3717500531103794,0,Familia 0 (Población Estándar)
TOI-2992 b,-0.25839465451136,-2.3714784664702075,0.0858190602890881,-0.0252688932269208,0,Familia 0 (Población Estándar)
TOI-3023 b,-0.2436956061857911,-2.2263659828713447,-0.5601816078304326,-0.0615129591860672,0,Familia 0 (Población Estándar)
TOI-3071 b,-0.9491260892985336,-2.3639509265651166,0.1060093739995493,0.5915055200223811,0,Familia 0 (Población Estándar)
TOI-3082 b,-1.3943220837354977,0.1789875117383236,0.23990453976975,0.4711707828159175,0,Familia 0 (Población Estándar)
TOI-3135 b,-0.2626683148311042,-1.095836047036559,1.11594200410308,0.0750732199004883,0,Familia 0 (Población Estándar)
TOI-3160 A b,-0.1028960380159724,-1.708627015183554,0.5686541223956436,-0.7305098575703508,0,Familia 0 (Población Estándar)
TOI-3235 b,-1.5793432977819342,1.0176801073034878,0.2394857308289519,1.682038223144319,0,Familia 0 (Población Estándar)
TOI-3261 b,-1.5073867911916663,-1.3861792961068828,-0.472582005449933,0.0199203334398782,0,Familia 0 (Población Estándar)
TOI-3288 b,-1.3857458112247176,-0.623795620024438,0.2062302488850992,2.587908682287265,0,Familia 0 (Población Estándar)
TOI-329 b,0.4452354248593445,-1.4535977596701648,1.7974558228352373,-0.3347269797276551,0,Familia 0 (Población Estándar)
TOI-332 b,-1.6426697936981849,-1.3000217661739686,-0.3764395963646129,0.5616664685873339,0,Familia 0 (Población Estándar)
TOI-3321 b,-0.306800576161672,-1.9627151317946625,-0.2621672369512878,-0.7012513738357253,0,Familia 0 (Población Estándar)
TOI-333 b,-0.6502805917767969,-1.103074930786491,-0.6567550238924095,-0.4215164380468262,0,Familia 0 (Población Estándar)
TOI-3331 A b,-0.994616895084744,-1.383743564373448,-0.2732028634379254,0.6626127146570461,0,Familia 0 (Población Estándar)
TOI-3353.01,-0.3763210955325056,-0.762710452798,-0.1116307002170435,-0.4128976311274783,0,Familia 0 (Población Estándar)
TOI-3362 b,2.8738775948663973,-1.6135726079824833,4.246660347831855,-1.029260457479958,1,Familia 1 (Población Exótica/Atípica)
TOI-3364 b,0.0503511555210286,-1.855654060308772,-0.4334838597915609,1.119557515118204,0,Familia 0 (Población Estándar)
TOI-3457 b,2.9654422021138545,-0.5435128267324796,2.8463592273237244,0.3180439764815113,1,Familia 1 (Población Exótica/Atípica)
TOI-3464 b,0.1423299829714953,-2.308591328920273,0.9974669016524472,-0.431289969926741,0,Familia 0 (Población Estándar)
TOI-3474 b,-0.2260122452445885,-1.6864545048505497,0.34237179803194,0.1924297263761064,0,Familia 0 (Población Estándar)
TOI-3486 b,-1.0752407479509896,-0.6622203744705718,0.2524279782613146,1.011020082804167,0,Familia 0 (Población Estándar)
TOI-3493 b,0.1938886571292478,-0.6493439856679204,-0.3839866804877178,-0.5498426010796478,0,Familia 0 (Población Estándar)
TOI-3523 A b,-0.603642159934168,-2.1550468224026544,-0.3387112698215331,-1.4794463246460752,0,Familia 0 (Población Estándar)
TOI-3540 A b,-0.5406281467488839,-1.8464442873650608,-0.3695245039904661,0.5995607490129058,0,Familia 0 (Población Estándar)
TOI-3568 b,-0.8941626499805707,0.2711536306235898,-0.2222720018708235,-0.00042088186458,0,Familia 0 (Población Estándar)
TOI-3593 b,-0.466317085692862,-1.080847668077984,0.4144320452364683,1.324163225266522,0,Familia 0 (Población Estándar)
TOI-3629 b,-1.005049424414821,0.3750306188131443,0.185260232533067,1.6610389887701251,0,Familia 0 (Población Estándar)
TOI-3664 b,-0.4543224088306711,-1.2432482983025293,0.5984685898052381,0.334597902422588,0,Familia 0 (Población Estándar)
TOI-3682 b,0.0332300237860149,-2.553671452924189,0.8559043284328154,0.5860845895457988,0,Familia 0 (Población Estándar)
TOI-3688 A b,-0.4763745369443867,-1.9718046970842316,-0.4208923193559699,0.6956774534030842,0,Familia 0 (Población Estándar)
TOI-3693 b,-0.0904526302156903,-0.0211709300274911,-0.4070654158636521,0.5975783678739082,0,Familia 0 (Población Estándar)
TOI-3714 b,-1.47252898215767,0.5894901698872758,0.126418587065793,0.969444685760976,0,Familia 0 (Población Estándar)
TOI-375 b,1.1490762536338175,-2.787844817781002,-0.3185768001075366,-0.5819922981232888,0,Familia 0 (Población Estándar)
TOI-3757 b,-0.980878620056574,0.5243977671302933,0.6582255830304793,0.3416723155505556,0,Familia 0 (Población Estándar)
TOI-3785 b,-1.0920143722213311,1.203202255865064,0.4213865296866221,0.5433120723192933,0,Familia 0 (Población Estándar)
TOI-3807 b,-0.462536422081245,-2.325290707015648,-0.4124782901573825,0.715367510240059,0,Familia 0 (Población Estándar)
TOI-3819 b,-0.3579832764261865,-2.3481274136059915,-0.4615365707789931,0.6034040167607364,0,Familia 0 (Población Estándar)
TOI-3837 b,0.7121182825221325,-0.7041623458101836,0.6114624080723711,-1.1956141120974395,0,Familia 0 (Población Estándar)
TOI-3856 b,-0.8065334671301726,-1.751806768053964,0.2481928889985705,1.3510718784905065,0,Familia 0 (Población Estándar)
TOI-3862 b,-1.2726909202742025,-1.1245924598554111,-0.284670580565167,0.1248124525159655,0,Familia 0 (Población Estándar)
TOI-3877 b,0.0138077366172966,-1.8883361916384636,0.8673133104471912,0.2981021997015713,0,Familia 0 (Población Estándar)
TOI-3884 b,-1.468936175289787,1.9432301617841852,0.2734448925965309,0.8056824600379252,0,Familia 0 (Población Estándar)
TOI-3894 b,-0.1582327565624807,-1.984198000957822,-0.250184940509091,-0.2390577750621381,0,Familia 0 (Población Estándar)
TOI-3912 b,-0.4609197133933712,-1.898823505908004,-0.4868621837045632,0.3548811317261418,0,Familia 0 (Población Estándar)
TOI-3919 b,0.6309628633740351,-1.5591409681507709,1.1267251010637482,0.2700912547826605,0,Familia 0 (Población Estándar)
TOI-3976 A b,0.1294810480648284,-1.706908032388963,-0.6479734392843833,0.211529981249171,0,Familia 0 (Población Estándar)
TOI-3980 b,-0.0410758781070731,-2.3056925002221296,0.4697574162971212,0.0765444096317621,0,Familia 0 (Población Estándar)
TOI-3984 A b,-0.9430480528214288,1.1690670114878785,1.302473904387141,0.8975437700303907,0,Familia 0 (Población Estándar)
TOI-4010 b,-1.4908536092085287,-0.7894617920567815,-0.1904424592606296,0.8767192162957526,0,Familia 0 (Población Estándar)
TOI-4010 c,-0.595834332202303,-0.2324352759961803,-0.2138393716666355,1.1125517986747393,0,Familia 0 (Población Estándar)
TOI-4010 d,0.46669629617587,0.2682572925250611,-0.1095080310582917,1.1971223961731323,0,Familia 0 (Población Estándar)
TOI-4034 b,-0.5025222412609432,-2.946569996021978,-0.5280931037980995,-0.094810480601559,0,Familia 0 (Población Estándar)
TOI-406 c,-1.6150842126095033,1.5875384483779864,-0.1865745750851675,-0.0625461283430616,0,Familia 0 (Población Estándar)
TOI-406.01,-0.5097258112834446,2.053960723944165,-0.1439093090974798,0.0923343084078292,0,Familia 0 (Población Estándar)
TOI-4087 b,-0.5994702056806055,-1.6307420578421676,-0.3968058727129931,0.7140460145162798,0,Familia 0 (Población Estándar)
TOI-411 b,-0.582832705852754,-0.5964559069242801,-0.4219195860162555,-0.872234468105544,0,Familia 0 (Población Estándar)
TOI-411 c,0.3615617319076773,-0.1242592066450906,-0.0326276869609995,-0.8537246819656781,0,Familia 0 (Población Estándar)
TOI-4127 b,4.464363148970051,0.0683530174279477,3.5023577549320133,-0.1611215428216943,1,Familia 1 (Población Exótica/Atípica)
TOI-4137 b,-0.2477208183973926,-2.1699773006818424,-0.489217861744233,0.3849766282690364,0,Familia 0 (Población Estándar)
TOI-4145 A b,-0.7168032592187269,-0.6221086574090755,-0.3309929892911263,0.7355675306502822,0,Familia 0 (Población Estándar)
TOI-4153 b,0.1628104008289169,-2.66055491261078,-0.3035598183748449,0.6471941398922912,0,Familia 0 (Población Estándar)
TOI-4155 b,-0.6812654775892252,-0.7708841393894215,-0.1893213598579673,-0.1539174986817128,0,Familia 0 (Población Estándar)
TOI-4184 b,-1.6490961449049,2.6088824040077183,0.2338539580584601,-0.4416975291279603,0,Familia 0 (Población Estándar)
TOI-4201 b,-0.9483389443843286,-0.0141609449811384,0.2998105136920903,2.313480884794903,0,Familia 0 (Población Estándar)
TOI-421 b,-0.5708319653127283,0.1215575593085392,0.184988569010721,-0.602687827186784,0,Familia 0 (Población Estándar)
TOI-421 c,0.6784870523929722,0.6093005530365978,0.4289408074122815,-0.4304454224518481,0,Familia 0 (Población Estándar)
TOI-4214 b,-0.0783067584226532,-2.246984389630784,0.5486478150068175,0.4048600488553758,0,Familia 0 (Población Estándar)
TOI-431 b,-2.0674459732362784,-0.6441255004721872,-0.4755754147778056,0.2054725264878862,0,Familia 0 (Población Estándar)
TOI-431 d,-0.0536096772219605,0.7040271006486215,-0.6102076233589947,0.5954027490054414,0,Familia 0 (Población Estándar)
TOI-4311 b,-1.743872613738091,-0.6187502629480721,-0.6049441612028558,-0.7397603069162353,0,Familia 0 (Población Estándar)
TOI-4311 c,0.5849777003241869,0.6853592309614739,0.5887483268171465,-0.6542380200669972,0,Familia 0 (Población Estándar)
TOI-4329 b,0.1345626065373674,-3.35096071675376,-0.216988368652724,0.1972606016498866,0,Familia 0 (Población Estándar)
TOI-4336 A b,-0.6423169065838219,2.466946049076418,-0.4210371799176574,0.8083311704330338,0,Familia 0 (Población Estándar)
TOI-4342 b,-1.0434603087429557,0.9222971548902522,-0.3737975981369593,0.8703069110729623,0,Familia 0 (Población Estándar)
TOI-4342 c,-0.502609296862203,1.2484133608575645,-0.4842369834476647,0.8726256983097628,0,Familia 0 (Población Estándar)
TOI-4364 b,-0.8556768156151673,1.5559865679577267,1.4703012360742655,0.3105304993258294,0,Familia 0 (Población Estándar)
TOI-4377 b,0.5623971133646215,-3.7708718441106166,-0.4361907029392186,-0.3262488223407298,0,Familia 0 (Población Estándar)
TOI-4379 b,-0.0557549446883782,-2.9006419493079725,-0.4597849534401919,0.0195570294410968,0,Familia 0 (Población Estándar)
TOI-4406 b,2.2011807304290585,-0.4352465204578348,-0.0801912087087699,0.0657510713079074,1,Familia 1 (Población Exótica/Atípica)
TOI-4438 b,-0.9284109640417636,1.9859198409495464,0.4338098712147226,-0.543784692481445,0,Familia 0 (Población Estándar)
TOI-444 b,0.5771793742333927,0.8668317303228372,-0.5566102642595832,0.1359033486133824,0,Familia 0 (Población Estándar)
TOI-4443.01,-1.255166432069895,-1.0263985769342587,-0.535240052588419,-0.4350621472026244,0,Familia 0 (Población Estándar)
TOI-4463 A b,-0.7376521578648738,-1.4565181856021143,-0.3396113344487229,0.8319962729435008,0,Familia 0 (Población Estándar)
TOI-4465 b,4.766279645152722,1.1838962161207385,0.068657366456431,0.2070128083211323,1,Familia 1 (Población Exótica/Atípica)
TOI-4479 b,-1.7955360257934874,0.776157435795164,0.3723481881738654,-0.1507813270849774,0,Familia 0 (Población Estándar)
TOI-4487 A b,0.0071057402650239,-2.472939753003723,-0.0069059968569792,0.2932259016572544,0,Familia 0 (Población Estándar)
TOI-4495 b,-0.7143041119490532,-1.6707495100911711,-0.2095866714773735,-0.2865353589568582,0,Familia 0 (Población Estándar)
TOI-4495 c,-0.2218957740864305,-1.4049060555958397,-0.5461913737000517,-0.0147526943973796,0,Familia 0 (Población Estándar)
TOI-4504 b,-1.179720404517611,-0.6811361279064022,-0.5001963115868217,0.170386602276641,0,Familia 0 (Población Estándar)
TOI-4504 c,3.755330992688645,1.1004504171572422,-1.0058868889030508,1.1048595507543455,1,Familia 1 (Población Exótica/Atípica)
TOI-4507 b,4.783134335586671,1.4164751813261869,-1.2392375177040784,-0.1267342478991332,1,Familia 1 (Población Exótica/Atípica)
TOI-451 b,-1.4416515898541362,-0.5403792134305172,-0.5916123536402806,-0.4071163194126032,0,Familia 0 (Población Estándar)
TOI-451 c,-0.2918643588535586,0.253707001729025,-0.720150637017759,-0.2615341215495371,0,Familia 0 (Población Estándar)
TOI-451 d,0.3866277646125589,0.4951454696776782,-0.7859696147566342,-0.0951771217001341,0,Familia 0 (Población Estándar)
TOI-4515 b,1.3061286718682534,0.0724744303476173,2.3567317046477667,0.0128895833571539,0,Familia 0 (Población Estándar)
TOI-4527.01,-2.381982046252115,0.5949846262928036,-0.1979972054345283,-0.1210628396173018,0,Familia 0 (Población Estándar)
TOI-4529 b,-0.9920791840616782,1.6709090855029758,-0.1817650525441025,-0.7816767706429464,0,Familia 0 (Población Estándar)
TOI-4551 b,1.3345229626407622,-3.221148898174496,-0.1854935031237548,-0.1973360475032834,0,Familia 0 (Población Estándar)
TOI-4552 b,-2.7141044054108097,1.4279701750516545,-0.2884550153444246,-0.0486281058042697,0,Familia 0 (Población Estándar)
TOI-4559 b,-1.638055863824183,1.9362061927674208,-0.2458146472462452,-0.1279112076544013,0,Familia 0 (Población Estándar)
TOI-4582 b,3.0570341365684475,-1.8023824197351768,2.084108100984812,-0.5868917037478307,1,Familia 1 (Población Exótica/Atípica)
TOI-4600 b,3.870925847885241,1.4518357152530164,0.3836105800074441,0.863290888200501,1,Familia 1 (Población Exótica/Atípica)
TOI-4600 c,10.397842147354128,3.2994660531335414,-1.5858768739220863,1.6354468897927237,1,Familia 1 (Población Exótica/Atípica)
TOI-4602.01,-0.833877408033754,-0.5507499402141518,-0.7944910017755221,-1.436972161811315,0,Familia 0 (Población Estándar)
TOI-4603 b,1.4725245641676914,-3.5914456537903443,1.3695038792117669,0.1663356305247497,0,Familia 0 (Población Estándar)
TOI-4633 c,8.354801419249922,2.0273425493298243,-1.9420863321512492,0.5297991608337462,1,Familia 1 (Población Exótica/Atípica)
TOI-4641 b,1.9863165141730512,-1.2871754312228876,-0.5277903577319059,-0.5856465467286038,0,Familia 0 (Población Estándar)
TOI-4666 b,-1.1747971625608846,-0.0670331864390089,0.2291049721626224,3.0702165268506456,0,Familia 0 (Población Estándar)
TOI-469.01,0.4241164420595381,0.0748491602225781,-0.3963785879789926,0.4084459221900574,0,Familia 0 (Población Estándar)
TOI-470 b,0.309686013363729,0.5687957018486823,-0.6366851363278517,0.2006339137804449,0,Familia 0 (Población Estándar)
TOI-4734 b,0.4474826416789494,-2.3336430617956294,0.0629330147993726,0.2061474283980865,0,Familia 0 (Población Estándar)
TOI-4773 b,-0.5518090876213484,-3.001124516603117,-0.3054205604664266,0.0926507567761701,0,Familia 0 (Población Estándar)
TOI-4791 b,-0.185471531710434,-2.029941658056539,-0.4588135539994553,0.5263190284732673,0,Familia 0 (Población Estándar)
TOI-4794 b,-0.197592784144699,-2.033870406302312,0.0313777807406813,-0.6913511236405969,0,Familia 0 (Población Estándar)
TOI-480 b,0.0694730145982661,-1.398011571054353,-0.7867965608617243,-0.1752152100736237,0,Familia 0 (Población Estándar)
TOI-481 b,0.8524840373712159,-1.8942401593111204,0.3130403867042485,0.385777498978564,0,Familia 0 (Población Estándar)
TOI-4860 b,-1.90678407278692,0.9912127393188892,0.0892690337716328,1.593103633767528,0,Familia 0 (Población Estándar)
TOI-4914 b,0.96972564112745,-0.502046199281447,1.9033853508921816,-0.8222433477045453,0,Familia 0 (Población Estándar)
TOI-4940 b,1.778991292473986,-0.230635798691712,0.5434590236161196,0.685391911437906,0,Familia 0 (Población Estándar)
TOI-4961 b,0.1281767751137693,-0.5300052488840475,0.7877780631630743,0.7432834842546583,0,Familia 0 (Población Estándar)
TOI-4994 b,1.613611538265051,-0.0315802402397925,1.2295824967921385,0.1981014863763854,0,Familia 0 (Población Estándar)
TOI-500 b,-2.024526915774139,-0.2466539253549663,-0.0911798776842238,-0.0854947437218605,0,Familia 0 (Población Estándar)
TOI-5005 b,-0.3071605511474131,-0.5505843730089455,-0.3213359870010177,0.2622926220333755,0,Familia 0 (Población Estándar)
TOI-5007 b,-1.149039642798552,-0.0481202353942565,0.4258126959120457,1.791506069035962,0,Familia 0 (Población Estándar)
TOI-5027 b,0.7504183293448177,-0.3330885401100609,1.8364682277810216,-0.6760368921111979,0,Familia 0 (Población Estándar)
TOI-5076 b,0.818197230504255,0.8705296094330875,-0.8220609877067577,0.2168335791329437,0,Familia 0 (Población Estándar)
TOI-5082.01,-0.7237007843307691,-0.3701025229326823,-0.3330202112844389,-0.349138145963405,0,Familia 0 (Población Estándar)
TOI-5108 b,0.0863519733876124,-1.1737259279505543,-0.0017533913215304,0.1346748522029863,0,Familia 0 (Población Estándar)
TOI-5110 b,3.775452523981728,-1.6109173875749605,3.559290584626774,-0.9542171510887908,1,Familia 1 (Población Exótica/Atípica)
TOI-512 b,-0.4401681575730661,0.2113792455281384,-0.6702482385516008,-0.8789781989970354,0,Familia 0 (Población Estándar)
TOI-5126 b,-0.1753954935950456,-1.5240776834608027,-0.6702583790688098,0.0696024017107169,0,Familia 0 (Población Estándar)
TOI-5126 c,1.1111809522612548,-0.6788776011790137,-0.951191024054597,0.0874771050249819,0,Familia 0 (Población Estándar)
TOI-5143 c,-0.5369870459327701,-0.4537362881694347,-0.206666025204176,0.5127745551668945,0,Familia 0 (Población Estándar)
TOI-5153 b,1.6421983346573108,-0.9645259216583588,-0.2114807632589252,0.3352425834580342,0,Familia 0 (Población Estándar)
TOI-5181 A b,-0.0090952672132073,-2.2281306305797464,0.4334101697831335,0.2238003345770791,0,Familia 0 (Población Estándar)
TOI-519 b,-1.4547470700387006,1.00651614943238,2.174920443812148,1.353459835164965,0,Familia 0 (Población Estándar)
TOI-5205 b,-1.7662219927649452,0.9341081311174928,0.1302794832777565,0.8386132580202315,0,Familia 0 (Población Estándar)
TOI-521 b,-2.1191256945352133,1.5443747062219018,-0.2943462773898919,-0.1009060541618662,0,Familia 0 (Población Estándar)
TOI-5210 b,-0.2702310155329991,-1.457357338219924,-0.0474081876317199,0.7750506187371247,0,Familia 0 (Población Estándar)
TOI-5218 b,-0.8286137745157189,-0.1086127836438384,-0.0874556644001529,1.842325261777248,0,Familia 0 (Población Estándar)
TOI-5232 b,0.0272538105176097,-2.485092053687902,-0.4287221710937608,-0.7447870523391947,0,Familia 0 (Población Estándar)
TOI-5261 b,-0.1875371088288715,-1.3284772983764663,0.745837510728736,0.9161408555665534,0,Familia 0 (Población Estándar)
TOI-5292 A b,-1.3111787203164669,-0.0149343968492018,0.2004879737944997,1.6301583940547355,0,Familia 0 (Población Estándar)
TOI-5293 A b,-0.8177197461076762,0.8841058753839819,2.260361116277367,0.1806114636693085,0,Familia 0 (Población Estándar)
TOI-530 b,-0.8799573649109315,0.7055101752434252,-0.1153547577195602,1.7735657780919956,0,Familia 0 (Población Estándar)
TOI-5300 b,-1.3568180495367754,0.1072576572983854,-0.2821095818198635,-0.1488831847971309,0,Familia 0 (Población Estándar)
TOI-5301 b,0.9506350469478576,-2.803012663571802,1.384178079892811,-0.7324020736000868,0,Familia 0 (Población Estándar)
TOI-5319 b,-0.9904847137341718,0.92158061673687,0.3011485913726066,0.3450756881618717,0,Familia 0 (Población Estándar)
TOI-532 b,-1.4287167484411285,0.2001698357287158,-0.1517661244191492,1.3936025378857575,0,Familia 0 (Población Estándar)
TOI-5322 b,-0.0488636209727944,-1.5972292885659116,-0.2395355845789882,-0.4163377485829643,0,Familia 0 (Población Estándar)
TOI-5340 b,0.3016680024486391,-2.511251380759851,0.223281339182104,0.116889551397972,0,Familia 0 (Población Estándar)
TOI-5344 b,-1.0311832818620228,0.3394581022091836,0.272539717029953,1.8442686491734528,0,Familia 0 (Población Estándar)
TOI-5349 b,-1.1648017400223405,0.2796969879541052,0.1596209661308728,2.119375145469971,0,Familia 0 (Población Estándar)
TOI-5350 b,0.2607549105721234,-1.454660926293252,-0.4077275764574218,0.190144512854563,0,Familia 0 (Población Estándar)
TOI-5386 A b,-0.3519408121190591,-1.758064733967202,-0.0182952126234982,0.3511386708342877,0,Familia 0 (Población Estándar)
TOI-5388.01,-1.902898711303715,2.4403370643308224,0.1967551338214842,-0.9800195177298014,0,Familia 0 (Población Estándar)
TOI-5398 b,0.506994778611194,-0.5948862532884078,0.1572174042431598,0.0683415844634696,0,Familia 0 (Población Estándar)
TOI-5398 c,-0.3376806636479957,-0.7339582778461702,0.2283490298282784,-0.304564086295735,0,Familia 0 (Población Estándar)
TOI-540 b,-2.467362610780878,2.157109138705464,-0.1822434638100111,0.5158817764556244,0,Familia 0 (Población Estándar)
TOI-5422 b,0.1426878595333001,-1.8192627013145963,0.1388905232273755,-0.130957654302082,0,Familia 0 (Población Estándar)
TOI-544 b,-1.8178931760740156,0.6960499211650052,-0.4763277653546253,-0.6558786999361965,0,Familia 0 (Población Estándar)
TOI-5542 b,3.5758376813279638,0.8688900832661851,-1.2588578798654846,-0.3990219429477229,1,Familia 1 (Población Exótica/Atípica)
TOI-5573 b,-0.3722629404617142,0.7116832058284002,0.2665774856575091,1.8048506336346284,0,Familia 0 (Población Estándar)
TOI-558 b,1.5979331326896618,-1.3534163708533722,1.106839444435527,-0.4171547026844706,0,Familia 0 (Población Estándar)
TOI-559 b,0.2767056170573014,-1.2731615709381363,0.4362335448023641,-0.3087942655218662,0,Familia 0 (Población Estándar)
TOI-5592 b,-0.4921728648809152,-2.1731627204176,-0.1297848742598593,-0.3177000996077576,0,Familia 0 (Población Estándar)
TOI-561 b,-2.038771211859153,-1.20531485467599,-0.6146464495186347,-0.3361072321796654,0,Familia 0 (Población Estándar)
TOI-561 c,-0.1120525667845611,0.4920513491592984,-0.6237162833476987,-0.665330157430582,0,Familia 0 (Población Estándar)
TOI-561 d,1.1088610354225672,0.9876683317946384,-0.2220219528931276,-0.2534794206867046,0,Familia 0 (Población Estándar)
TOI-561 e,3.149458039749282,1.921396835576708,-0.9505505106707433,0.0451849953020557,1,Familia 1 (Población Exótica/Atípica)
TOI-5616 b,-1.37876274306518,-0.0228892880174902,-0.0799647778258306,1.0419195585975762,0,Familia 0 (Población Estándar)
TOI-5624 b,-1.0643668027420992,-0.1426834256474404,-0.5842028097145191,-0.4051067626828415,0,Familia 0 (Población Estándar)
TOI-5624 c,-0.4285277191091137,0.3169268670863446,-0.7018329041006369,-0.3966515165557684,0,Familia 0 (Población Estándar)
TOI-5624 d,0.1609975554232592,0.5559674831755934,-0.7923449220846003,-0.3030898337111231,0,Familia 0 (Población Estándar)
TOI-5624 e,0.7524842592315227,0.8204525431918175,-0.8922736825758488,-0.2288719141682159,0,Familia 0 (Población Estándar)
TOI-5634 A b,-1.484284587488488,0.6526400878140346,-0.16641982638581,-0.1653712015562421,0,Familia 0 (Población Estándar)
TOI-564 b,-0.9473602773620902,-1.7360658191506235,0.1120786187446471,0.3685889242103461,0,Familia 0 (Población Estándar)
TOI-5678 b,2.5320084290138043,0.944831942275279,-0.3259497482755922,-0.2175683322048494,1,Familia 1 (Población Exótica/Atípica)
TOI-5688 A b,-1.0899085832209474,0.2541027938160832,0.7720379489680694,1.899093059688308,0,Familia 0 (Población Estándar)
TOI-5704 b,-0.994801089787554,-0.1051131068208778,-0.169437845742303,1.2903028402818326,0,Familia 0 (Población Estándar)
TOI-5713 b,-0.7767806853235276,2.528162919511595,1.1415609456592362,0.0161631399341943,0,Familia 0 (Población Estándar)
TOI-5720 b,-2.195399223185506,1.7091570204382076,-0.1773409358181379,0.3565288652463811,0,Familia 0 (Población Estándar)
TOI-5734 b,-0.6392152665335806,0.9878456233115072,0.3670395240488044,-0.6323634292710448,0,Familia 0 (Población Estándar)
TOI-5786 b,0.9547311121811624,-1.0299887066844515,0.1279136561974409,-0.2049016542826621,0,Familia 0 (Población Estándar)
TOI-5788 b,-0.5202055026997532,0.3077579071232889,-0.4415129566693324,-1.5907872197160218,0,Familia 0 (Población Estándar)
TOI-5788 c,0.4607704895954415,0.7592400201579222,-0.6765616032110349,-1.4136397433802292,0,Familia 0 (Población Estándar)
TOI-5789 c,0.1289397246753008,0.7256990244397862,-0.3764601458173068,-0.6908405130475502,0,Familia 0 (Población Estándar)
TOI-5795 b,-0.0292924977308386,-0.3958225046838871,0.8410175774314119,-1.4539986905753557,0,Familia 0 (Población Estándar)
TOI-5799 b,-1.6783085707309493,2.061139434505711,-0.1714237395345747,0.3083260773352799,0,Familia 0 (Población Estándar)
TOI-5799 c,-0.6802789421549679,2.5140786250536795,0.0474653701406117,0.3118020637463078,0,Familia 0 (Población Estándar)
TOI-5800 b,-0.8891444628024973,0.0691395624790378,1.364015918063029,-0.6794779071136616,0,Familia 0 (Población Estándar)
TOI-5817 b,1.0155979165009716,-0.3256253950001,0.2071994079443515,-1.6177671426382254,0,Familia 0 (Población Estándar)
TOI-5882 b,0.7173273740179631,-2.8892288910728814,-0.3746587533703248,0.2082699839171825,0,Familia 0 (Población Estándar)
TOI-5916 b,-1.39907819635324,0.7209627620102315,0.516709662828499,0.8999328906695052,0,Familia 0 (Población Estándar)
TOI-5938 b,-1.1240992786659654,0.0349772628097419,0.7891152980096877,-0.0306860351063031,0,Familia 0 (Población Estándar)
TOI-6002 b,-1.0189151788330009,2.850086874452128,0.565202562908696,-0.2923970508293446,0,Familia 0 (Población Estándar)
TOI-6008 b,-2.476681910177632,1.7219109107381332,-0.0512258900175118,1.3019505086720689,0,Familia 0 (Población Estándar)
TOI-6016 b,-0.1954133347467443,-2.457060158320987,-0.5140392925902183,0.613281403728155,0,Familia 0 (Población Estándar)
TOI-6019 b,1.7607583240483942,-1.5292076034915534,2.1708686597240403,-0.7875364354189459,0,Familia 0 (Población Estándar)
TOI-6029 b,0.5091006907002144,-3.3338984449308007,-0.0326303025686411,0.4737212405583826,0,Familia 0 (Población Estándar)
TOI-6034 b,-1.4125182834318668,0.8379326880199229,0.1402677083246257,0.4017263555027458,0,Familia 0 (Población Estándar)
TOI-6038 A b,0.2300136322780365,-1.904856294759593,0.0367723747392972,-0.2973642288556083,0,Familia 0 (Población Estándar)
TOI-6041 b,1.1818168430773537,0.6551596765864961,-0.7145466144467241,0.2944913630217436,0,Familia 0 (Población Estándar)
TOI-6054.01,0.2804743208326974,-1.2959146658030776,0.1230664981962726,-1.2282121897042186,0,Familia 0 (Población Estándar)
TOI-6054.02,1.070515103111134,-0.9335586673810082,1.075065527881341,-1.379406561704395,0,Familia 0 (Población Estándar)
TOI-6086 b,-2.3285446437902544,1.9505023804525563,-0.1489400848088031,0.6680004444945682,0,Familia 0 (Población Estándar)
TOI-6130 b,-0.4909904646019582,-2.513771702821164,-0.2013864688609105,0.5806402562813809,0,Familia 0 (Población Estándar)
TOI-615 b,0.6633507289946776,-2.256251956097984,1.7211511610547232,-1.1315160225565108,0,Familia 0 (Población Estándar)
TOI-620 b,-0.7746656713194994,0.9223399974169296,1.1453092286408444,1.1435650257757408,0,Familia 0 (Población Estándar)
TOI-622 b,0.6930075515488844,-1.705764943607858,1.9589825614490568,-0.5865618747860571,0,Familia 0 (Población Estándar)
TOI-6223 b,-1.2313154188529525,0.9435705540863832,-0.2332171057941686,-0.1044127721764965,0,Familia 0 (Población Estándar)
TOI-6255 b,-2.5740179472445925,1.2738416488324795,-0.3576715298771013,-0.3815879609223327,0,Familia 0 (Población Estándar)
TOI-628 b,-0.2105342540190758,-2.2098556646277774,0.0722397759058197,0.6990026594128351,0,Familia 0 (Población Estándar)
TOI-6303 b,-0.2171470466419889,0.4174230987785222,0.0621133203086266,2.194516334577653,0,Familia 0 (Población Estándar)
TOI-6324 b,-2.705094004417391,1.6068638191258884,-0.3970302160259411,-0.8788496702218813,0,Familia 0 (Población Estándar)
TOI-6330 b,-0.2357148718837891,1.0281878426738804,2.097901152178019,0.8543439702021124,0,Familia 0 (Población Estándar)
TOI-6383 A b,-1.6073103981813854,0.774257605548207,0.3025106186180601,0.9237509347409254,0,Familia 0 (Población Estándar)
TOI-640 b,0.2380894294680352,-2.9293972794653604,-0.6191239570419755,-0.335220441439891,0,Familia 0 (Población Estándar)
TOI-6420 b,0.3111935927079042,-1.675862816605871,0.0587830318303439,0.7378042119568099,0,Familia 0 (Población Estándar)
TOI-6448 b,1.0131192177675237,0.0783009381788917,0.5137341980033118,0.0158356103987604,0,Familia 0 (Población Estándar)
TOI-6478 b,-0.0052869897262483,3.4010857291372063,0.2587811604676263,-1.2325779653459925,0,Familia 0 (Población Estándar)
TOI-654.01,-1.98426958585794,1.1002476364534972,-0.2265001436250033,0.6112788912193136,0,Familia 0 (Población Estándar)
TOI-6564 b,-0.1199840159346251,-2.295105672993603,-0.5333062812840355,0.2717103302720162,0,Familia 0 (Población Estándar)
TOI-6628 b,1.897821033922342,-0.2390471625831171,3.6243525868599193,0.5833261261615142,0,Familia 0 (Población Estándar)
TOI-663 b,-1.4493320233196016,1.1262144940295211,0.5555999925254185,0.1563495917677189,0,Familia 0 (Población Estándar)
TOI-663 c,-1.083294061867012,1.3736758818591444,0.6136729257882866,0.1417482603853007,0,Familia 0 (Población Estándar)
TOI-663 d,-0.8444787422429255,1.542732018566148,0.310112990828748,0.2056244213596134,0,Familia 0 (Población Estándar)
TOI-6651 b,0.088484619850834,-2.079197385194212,-0.1220152760920155,-0.0373801158422589,0,Familia 0 (Población Estándar)
TOI-669 b,-0.8203107174557805,-0.4135267865290369,-0.6291749029839535,-0.4228738378727906,0,Familia 0 (Población Estándar)
TOI-6692 b,6.257372242086808,0.9704274112765402,1.4991699908957872,-0.3648753199905379,1,Familia 1 (Población Exótica/Atípica)
TOI-6695 b,4.509699000799587,0.1322243672449098,-1.3697623159852823,0.5323748198318646,1,Familia 1 (Población Exótica/Atípica)
TOI-6716 b,-0.5613024602342086,2.673795403878352,5.304818825413181,-0.5323199002882797,0,Familia 0 (Población Estándar)
TOI-672 b,-1.3262412879207677,0.9984384868705096,-0.3035475030350452,-0.0706629591595808,0,Familia 0 (Población Estándar)
TOI-674 b,-1.768407190873956,1.0974991226197297,-0.1292397925306213,1.0112729778447036,0,Familia 0 (Población Estándar)
TOI-677 b,1.2888866122534337,-1.0764404477976348,2.210689918148005,-0.5595582792750284,0,Familia 0 (Población Estándar)
TOI-6884 b,0.3106275865278186,-2.714378396064504,-0.0986846102790666,0.0164057999920196,0,Familia 0 (Población Estándar)
TOI-6894 b,-1.7623138266924825,1.9693867475796407,0.233854177115569,1.3776715594435538,0,Familia 0 (Población Estándar)
TOI-700 b,-0.8248331156180101,2.1918511089028168,-0.0148376361487514,-0.1465791434299797,0,Familia 0 (Población Estándar)
TOI-700 c,-0.3431720404046701,2.285924879030104,-0.111342988862184,-0.000224442733289,0,Familia 0 (Población Estándar)
TOI-700 d,0.6559473939162987,2.776936826313994,-0.5497444285496895,-0.01235378876793,0,Familia 0 (Población Estándar)
TOI-700 e,0.2521474160439638,2.645261872144061,-0.3500303402520507,-0.073927544632602,0,Familia 0 (Población Estándar)
TOI-7009 b,-1.5479183590752903,0.7460488686473132,-0.2855027552583916,-0.2994627624131854,0,Familia 0 (Población Estándar)
TOI-7041 b,1.1181750447205476,-3.4093214241071377,-0.6144775702543085,-0.3535233381676698,0,Familia 0 (Población Estándar)
TOI-707 b,2.671449057598124,1.018917161067644,-0.99253034198965,0.3209784204908746,1,Familia 1 (Población Exótica/Atípica)
TOI-712 b,0.3159958690558233,1.1047172702945027,2.7750233971738703,-0.7352107031712212,0,Familia 0 (Población Estándar)
TOI-712 c,2.0730646266380197,2.0182969733677205,-0.5638503834815964,-0.0030529639409237,1,Familia 1 (Población Exótica/Atípica)
TOI-712 d,3.2107696444689195,2.3354793293619704,-0.885286224726577,0.2161634447582629,1,Familia 1 (Población Exótica/Atípica)
TOI-7149 b,-1.54074538328856,1.3452831222077868,0.467484377692169,0.5780025782884636,0,Familia 0 (Población Estándar)
TOI-715 b,-0.7277801315980117,3.1865622520433345,-0.2894209645804126,-0.3860141057745979,0,Familia 0 (Población Estándar)
TOI-7166 b,-1.152254475037419,3.014404725317424,-0.3738943749977621,-0.116810166258386,0,Familia 0 (Población Estándar)
TOI-733 b,-0.5863293140080943,-0.1321740014003073,-0.4228516881902461,-0.6244181772978005,0,Familia 0 (Población Estándar)
TOI-7384 b,-0.8149540287405943,2.172732802602331,2.291813707180544,0.1106343475515611,0,Familia 0 (Población Estándar)
TOI-7510 b,0.3912307121249957,-0.3876521742912294,-0.3072747163858337,0.5546676261101448,0,Familia 0 (Población Estándar)
TOI-7510 c,1.2979974877553535,-0.1464579003307581,-0.6831825965946221,0.9127443864408812,0,Familia 0 (Población Estándar)
TOI-7510 d,2.761556007860332,0.4337731648547701,-0.7986580622930002,1.0246502097932364,1,Familia 1 (Población Exótica/Atípica)
TOI-756 b,-1.9561533181844104,0.6562536000103169,-0.2296308430381031,0.7826572455235209,0,Familia 0 (Población Estándar)
TOI-757 b,0.9349646175522418,1.0293466738487091,1.5557064129718303,-1.4682144640908723,0,Familia 0 (Población Estándar)
TOI-762 A b,-1.326110168882561,0.9739493638141454,0.4963985934315339,1.7172068659214568,0,Familia 0 (Población Estándar)
TOI-763 b,-0.5693408185093985,-0.1187979966940276,-0.4038573250536127,-0.3867685102629579,0,Familia 0 (Población Estándar)
TOI-763 c,0.182292243529851,0.2878283217450907,-0.5302708297546388,-0.3171515718660495,0,Familia 0 (Población Estándar)
TOI-771 b,-1.9827540430927133,2.064263434930396,0.0376533796136157,-0.2572704328034729,0,Familia 0 (Población Estándar)
TOI-776 b,-0.8540573984884778,1.810506295434806,-0.2169139237724967,-0.5969576303571146,0,Familia 0 (Población Estándar)
TOI-776 c,-0.1609333231546804,2.1007110547732464,-0.0833835118075286,-0.5597955235835912,0,Familia 0 (Población Estándar)
TOI-778 b,0.4216306674447362,-2.497474779485624,0.7098488391803514,-0.5606760715293478,0,Familia 0 (Población Estándar)
TOI-782 b,-0.7303673229894418,1.6274182358896965,0.9689751364824276,1.2661010569527988,0,Familia 0 (Población Estándar)
TOI-784 b,-1.136962336008438,-0.3054167939426616,-0.6388112625500955,-0.8363953597562971,0,Familia 0 (Población Estándar)
TOI-791 b,6.52043694575362,0.6393428807555556,-2.180944262654896,-0.7831045307654281,1,Familia 1 (Población Exótica/Atípica)
TOI-791 c,8.649990607098943,1.274360786290162,-2.7330016205855263,-0.4943308275325166,1,Familia 1 (Población Exótica/Atípica)
TOI-813 b,4.792692803585869,-0.2043125750624829,-1.8373380571880664,-0.1003091170323347,1,Familia 1 (Población Exótica/Atípica)
TOI-815 b,0.1260677879523433,0.7784887397625799,0.5446671081105374,-0.664184097974157,0,Familia 0 (Población Estándar)
TOI-815 c,1.7258755573048226,1.4264265496345363,0.3810848281255856,-0.5003897591351162,0,Familia 0 (Población Estándar)
TOI-824 b,-1.5785294888363652,0.0277741353923355,0.0501357926426983,-0.4525632703498322,0,Familia 0 (Población Estándar)
TOI-833 b,-1.882424996979321,0.4679384516039492,0.098519537024348,-0.1313096981411851,0,Familia 0 (Población Estándar)
TOI-836 b,-1.2523429654778906,1.023219203683845,-0.2441954267235694,-1.0594163318702337,0,Familia 0 (Población Estándar)
TOI-836.01,-0.5184846399121678,1.334894307384147,-0.1435583297343449,-0.9305184210895986,0,Familia 0 (Población Estándar)
TOI-837 b,0.2230070091262589,-0.6234178752872458,-0.2637367360579907,-0.0585436980393151,0,Familia 0 (Población Estándar)
TOI-849 b,-1.5553966901313971,-1.4890050252301448,-0.4300723503803697,0.2727091979079598,0,Familia 0 (Población Estándar)
TOI-858 B b,-0.289248334304648,-1.850302412634611,0.5043969043563706,0.1993940751423971,0,Familia 0 (Población Estándar)
TOI-871 b,0.1297215866403641,1.1159775883895644,-0.2210890855668326,-0.4695131680176012,0,Familia 0 (Población Estándar)
TOI-880 c,-0.4350630738985459,-0.0388269029334528,-0.050134970857407,0.5989082787591045,0,Familia 0 (Población Estándar)
TOI-880.02,-1.1695975614504128,-0.2879853602406836,-0.2674467423200972,0.4435973910774901,0,Familia 0 (Población Estándar)
TOI-892 b,0.672273591063649,-1.7158959363146111,0.1502229010370345,0.4224880861063552,0,Familia 0 (Población Estándar)
TOI-904 b,-0.8537291462326438,1.6980664719926373,-0.2550993117242682,0.2084210031916913,0,Familia 0 (Población Estándar)
TOI-904 c,2.881293790775615,2.678452169713481,-0.19138202503714,0.4130675255051824,1,Familia 1 (Población Exótica/Atípica)
TOI-905 b,-0.6598512503919576,-0.8887339303101698,-0.2004445364107703,0.573754083212853,0,Familia 0 (Población Estándar)
TOI-907.01,0.0393145232510999,-2.7185360211617637,-0.4044685298325626,-0.4155940378707925,0,Familia 0 (Población Estándar)
TOI-908 b,-0.7258078248844385,-0.5718022769211891,0.2835094617871271,-0.2403981385644793,0,Familia 0 (Población Estándar)
TOI-912 b,-0.7155003218081549,2.102954090410558,3.2635605561020897,-0.9342265320947016,0,Familia 0 (Población Estándar)
TOI-913 b,-0.1303487317528218,0.9226047344566318,-0.1778177678168712,-0.6472777798759193,0,Familia 0 (Población Estándar)
TOI-954 b,-0.0271248876338707,-2.3909895183793464,0.2465758545589393,-0.1053941579158677,0,Familia 0 (Población Estándar)
TOI-969 b,-1.4038683932585592,0.0931640861691825,0.1324241337276133,0.3500098197454457,0,Familia 0 (Población Estándar)
WASP-132 c,-1.7721566612979731,-0.3459406330790909,-0.439993767222803,0.1751645631378884,0,Familia 0 (Población Estándar)
WD 1856+534 b,-3.1887300236373486,5.071912747780978,0.8212484416211321,3.4134010287672703,0,Familia 0 (Población Estándar)
Wolf 327 b,-2.4383215032347967,1.26607789431201,-0.3572720532398986,-0.4523809441255266,0,Familia 0 (Población Estándar)
