pl_name,pl_orbper,pl_orbsmax,pl_rade,pl_bmasse,pl_orbeccen,pl_insol,pl_eqt,st_teff,st_rad,st_mass,st_met,st_logg
AU Mic b,8.463446,0.07,4.79,8.99,0.07,,554.8,3540.0,0.862,0.635,0.01,4.37
AU Mic c,18.859023,0.119,2.79,14.46,0.18,,424.7,3540.0,0.862,0.635,0.01,4.37
BD+05 4868 A b,1.271869,0.0208,,6.2,,,1820.0,4596.0,0.69,0.7,-0.05,4.6
BD-14 3065 b,4.2889731,0.0656,21.59,3932.0,0.066,,2001.0,6935.0,2.35,1.41,-0.34,3.85
DS Tuc A b,8.138268,,5.7,,0.0,,850.0,5428.0,0.964,1.01,0.0,
GJ 1252 b,0.5182331,,1.193,1.32,0.0,,,3458.0,0.391,0.381,0.1,
GJ 143 b,35.61253,0.1915,2.61,22.7,0.188,,422.0,4640.0,0.695,0.73,0.003,4.613
GJ 238 b,1.7446999,0.02123,0.566,,,,758.0,3485.0,0.4314,0.4193,0.15,
GJ 3090 b,2.85310198,0.0316,2.18,4.52,0.25,45.4,723.0,3707.0,0.516,0.519,0.12,
GJ 341 b,7.57686,,0.88,4.0,0.0,13.8,,3770.0,0.5066,0.48,-0.16,4.72
GJ 3473 b,1.1980035,0.01589,1.264,1.86,0.0,59.4,773.0,3347.0,0.364,0.36,0.11,4.81
GJ 357 b,3.9306,0.036,1.2,,,,518.0,3505.0,0.337,0.342,-0.12,4.94
GJ 367 b,0.3219226,,0.736,0.503,0.0,,1329.0,3535.0,0.457,0.451,,
GJ 3929 b,2.616235,0.0252,1.09,1.75,0.0,17.3,568.0,3384.0,0.32,0.313,-0.02,4.89
GJ 806 b,0.9263237,0.01406,1.331,1.9,,130.0,940.0,3600.0,0.4144,0.413,-0.28,4.98
Gliese 12 b,12.761418,,0.93,0.95,0.24,,,3328.0,0.265,0.255,-0.24,5.25
HD 101581 b,4.46569,0.046,0.956,,,80.0,834.0,4675.0,0.63,0.653,-0.343,4.654
HD 101581 c,6.20401,0.0573,0.99,,,52.0,747.0,4675.0,0.63,0.653,-0.343,4.654
HD 108236 b,3.795963,0.04527,1.615,,0.045,,,5660.0,0.877,0.869,-0.28,4.49
HD 108236 c,6.203449,0.062,2.071,,0.034,,,5660.0,0.877,0.869,-0.28,4.49
HD 108236 e,19.590025,0.1367,3.083,,0.058,,,5660.0,0.877,0.869,-0.28,4.49
HD 109833 b,9.188526,,2.888,,0.18,,,5881.0,1.0,1.08,-0.07,4.45
HD 109833 c,13.900148,,2.59,,0.3,,,5881.0,1.0,1.08,-0.07,4.45
HD 110082 b,10.18271,0.113,3.2,,0.2,,,6200.0,1.19,1.21,0.08,4.2
HD 110113 b,2.541,0.035,2.05,4.55,0.093,735.49,1371.0,5732.0,0.968,0.997,0.14,4.46
HD 1397 b,11.53533,0.1097,11.500434,131.89945,0.251,356.0,1228.3,5521.0,2.336,1.324,0.29,3.823
HD 152843 b,11.62071,0.1049,3.05,9.82,0.046,265.4,,6310.0,1.43,1.15,-0.16,4.19
HD 152843 c,19.502104,0.1482,5.94,9.67,0.074,133.1,,6310.0,1.43,1.15,-0.16,4.19
HD 15337 b,4.7559804,,1.77,6.519,0.058,,,5131.0,0.855,0.829,0.03,4.48
HD 15337 c,17.180546,,2.526,6.792,0.096,,,5131.0,0.855,0.829,0.03,4.48
HD 15906 b,10.924709,0.09,2.24,,0.11,33.14,668.0,4757.0,0.762,0.79,0.02,4.49
HD 15906 c,21.583298,0.141,2.93,,0.04,13.37,532.0,4757.0,0.762,0.79,0.02,4.49
HD 183579 b,17.471291,0.1322,3.49,20.4,0.061,,752.0,5784.0,0.96,0.996,-0.038,4.45
HD 18599 b,4.1374354,0.048,2.6,24.1,0.34,,,5145.0,0.767,0.863,0.0,4.54
HD 191939 b,8.8803256,0.0804,3.41,10.0,0.031,100.0,880.0,5348.0,0.94,0.81,-0.15,4.3
HD 191939 c,28.579743,0.1752,3.195,8.0,0.034,21.0,600.0,5348.0,0.94,0.81,-0.15,4.3
HD 191939 d,38.353037,0.2132,2.995,2.8,0.031,14.3,540.0,5348.0,0.94,0.81,-0.15,4.3
HD 202772 A b,3.3088775,0.05208,18.2370116,323.54931833,0.03,3770.0,2181.0,6442.0,2.554,1.721,0.232,3.93
HD 20329 b,0.926118,0.018,1.72,7.42,0.0,3474.0,2141.0,5596.0,1.13,0.9,-0.07,4.4
HD 207496 b,6.441008,0.0629,2.25,6.1,0.231,72.9,743.0,4819.0,0.769,0.8,0.095,4.507
HD 207897 b,16.20166,0.117,2.34302132,14.8,0.0,,581.75,5106.0,0.7827,0.8208,-0.03,4.562
HD 213885 b,1.008035,0.02012,1.745,8.83,0.0,,2128.0,5978.0,1.1011,1.068,-0.04,4.3827
HD 21520 b,25.1292,0.1726,2.697,17.7,0.0,,637.0,5871.0,1.044,1.09,0.049,4.42
HD 21749 c,7.78993,0.0695,0.892,3.7,,,701.0,4640.0,0.695,0.73,0.003,4.613
HD 219666 b,6.034468,,4.898,17.6,0.05,,1076.0,5540.0,1.059,1.02,,
HD 221416 b,14.2767,0.1228,9.17,60.5,0.115,,,5080.0,2.943,1.212,-0.08,3.584
HD 22946 d,47.42489,0.2958,2.607,26.57,,18.561,546.0,6169.0,1.117,1.098,-0.08,4.47
HD 23472 b,17.667087,0.1162,2.0,8.32,0.072,16.0,543.0,4684.0,0.71,0.67,-0.2,4.53
HD 23472 c,29.79749,0.1646,1.87,3.41,0.063,7.96,467.0,4684.0,0.71,0.67,-0.2,4.53
HD 23472 d,3.97664,0.04298,0.75,0.55,0.07,117.0,909.0,4684.0,0.71,0.67,-0.2,4.53
HD 23472 e,7.90754,0.068,0.818,0.72,0.07,46.7,723.0,4684.0,0.71,0.67,-0.2,4.53
HD 23472 f,12.1621839,0.0906,1.137,0.77,0.07,26.3,630.0,4684.0,0.71,0.67,-0.2,4.53
HD 235088 b,7.4341325,0.0706,1.982,4.15,0.0,,,5075.0,0.772,0.849,-0.02,4.55
HD 25463 b,7.0491423,0.076,2.54535814,8.7,0.0,,1198.46,6353.0,1.4182,1.251,-0.018,4.227
HD 25463 c,3.04405,0.0443,1.36354953,4.3,0.0,,1585.57,6353.0,1.4182,1.251,-0.018,4.227
HD 260655 b,2.76953,0.02933,1.24,2.14,0.039,42.2,709.0,3803.0,0.439,0.439,-0.43,5.2
HD 260655 c,5.70588,0.04749,1.533,3.09,0.038,16.1,557.0,3803.0,0.439,0.439,-0.43,5.2
HD 2685 b,4.12688,0.0568,16.14096,371.8611,0.091,,2061.0,6801.0,1.56,1.43,0.02,4.21
HD 28109 b,22.891054,,2.69,6.2,0.0071,,867.0,6189.0,1.425,1.227,0.1,4.25
HD 28109 c,55.99712,,4.13,9.2,0.0039,,643.0,6189.0,1.425,1.227,0.1,4.25
HD 28109 d,84.2899,,3.11,5.8,0.0054,,561.0,6189.0,1.425,1.227,0.1,4.25
HD 332231 b,18.712024,0.145,9.07303305,74.1,0.0,,798.3,6128.0,1.266,1.1642,0.043,4.296
HD 35843 c,46.9622,0.25,2.54,11.32,0.153,,479.0,5666.0,0.897,0.94,-0.27,4.47
HD 5278 b,14.339156,0.1202,2.45,7.8,0.08,132.0,943.0,6203.0,1.194,1.126,-0.12,4.5
HD 56414 b,29.04992,0.229,3.71,,0.68,,1133.0,8500.0,1.751,1.89,0.0,
HD 6061 b,5.2549,0.06,2.42763557,10.0,0.0,,1075.31,5934.0,1.0072,1.0269,-0.05,4.441
HD 63433 b,7.1079475,,2.14,21.755,,,967.11,5553.0,0.934,0.956,-0.07,4.56
HD 63433 c,20.5438281,,2.692,15.539,,,678.92,5553.0,0.934,0.956,-0.07,4.56
HD 63433 d,4.209075,0.0503,1.073,,0.16,,1040.0,5688.0,0.912,0.99,0.03,4.52
HD 63935 b,9.058807,0.083,2.91575244,10.5,0.0,,825.22,5513.0,0.9598,0.9406,0.107,4.445
HD 73583 b,6.398042,0.0604,2.79,10.2,0.09,43.3,714.0,4511.0,0.65,0.73,0.0,4.62
HD 73583 c,18.87974,0.1242,2.39,9.7,0.08,10.2,498.0,4511.0,0.65,0.73,0.0,4.62
HD 77946 b,6.527363,0.073,2.89646124,10.9,0.211,,1128.86,6007.0,1.3174,1.1973,0.215,4.276
HD 86226 c,3.98442,0.049,2.16,7.25,0.075,,1311.0,5863.0,1.053,1.019,0.018,4.4
HD 93963 A b,1.0376109,0.02061,1.46954368,2.8,0.0,,1842.23,5908.0,1.0311,1.0844,0.11,4.445
HD 93963 A c,3.6451389,0.04726,3.11976057,18.4,0.0,,1212.45,5908.0,1.0311,1.0844,0.11,4.445
HIP 113103 b,7.610303,0.06899,1.829,,0.17,,721.0,4930.0,0.742,0.761,-0.1,4.6
HIP 113103 c,14.245648,0.10479,2.4,,0.17,,585.0,4930.0,0.742,0.761,-0.1,4.6
HIP 65 A b,0.9809734,0.01782,22.75427,1021.18779,0.0,661.0,1411.0,4590.0,0.7242,0.781,0.18,4.611
HIP 67522 b,6.9594731,0.0748,9.9872018,,0.064,,1175.0,5675.0,1.38,1.22,,
HIP 67522 c,14.334892,0.1228,7.93595834,,0.077,,917.0,5675.0,1.38,1.22,,
HIP 8152 b,10.751014,0.093,2.53625843,8.9,0.0,,794.96,5618.0,0.9603,0.9373,0.007,4.443
HIP 8152 c,19.60562,0.139,2.52442508,10.7,0.2,,650.68,5618.0,0.9603,0.9373,0.007,4.443
HIP 94235 b,7.713057,0.0787,3.0,379.0,0.32,,1060.0,5991.0,1.08,1.094,0.0,4.46
HIP 9618 b,20.772858,0.145,3.82838127,8.3,0.0,,640.88,5649.0,0.9593,0.942,-0.018,4.445
HIP 9618 c,52.56363,0.269,3.42855926,7.0,0.0,,470.31,5649.0,0.9593,0.942,-0.018,4.445
HIP 97166 b,10.288914,0.091,2.4801338,19.1,0.29,,701.66,5216.0,0.8418,0.9342,0.248,4.557
HR 858 b,3.585287,0.04888,2.004,3.55,0.0,,1552.0,6354.0,1.258,1.204,0.025,4.3
HR 858 c,5.973865,0.0687,1.979,3.8,0.0,,1309.0,6354.0,1.258,1.204,0.025,4.3
HR 858 d,11.230511,0.1046,2.001,7.1,0.0,,1061.0,6354.0,1.258,1.204,0.025,4.3
L 168-9 b,1.40152604,0.0208,1.63,4.07,0.0,,998.0,3842.0,0.604,0.614,-0.03,4.84
L 98-59 b,2.253114,0.0223,0.837,0.46,0.031,24.5,620.0,3415.0,0.3155,0.2923,-0.46,4.91
L 98-59 c,3.6906764,0.0309,1.329,2.0,0.002,12.7,526.0,3415.0,0.3155,0.2923,-0.46,4.91
L 98-59 d,7.450729,0.0494,1.627,1.64,0.006,4.97,416.0,3415.0,0.3155,0.2923,-0.46,4.91
LHS 1478 b,1.9495378,0.01848,1.242,2.33,,,595.0,3381.0,0.246,0.236,-0.13,4.87
LHS 1678 b,0.8602325,0.01239,0.685,,0.033,94.3,,3490.0,0.329,0.345,,
LHS 1678 c,3.694284,0.0327,0.941,,0.039,13.5,,3490.0,0.329,0.345,,
LHS 1678 d,4.9652229,0.04,0.981,,0.036,9.1,,3490.0,0.329,0.345,,
LHS 1815 b,3.814334,,1.088,1.58,0.0,,,3643.0,0.501,0.502,-0.12,4.77
LHS 1903 b,2.1555098,0.02656,1.382,3.28,0.015,66.66,796.0,3664.0,0.539,0.538,-0.11,4.75
LHS 1903 c,6.226185,0.05387,2.046,4.55,0.089,16.2,559.0,3664.0,0.539,0.538,-0.11,4.75
LHS 1903 d,12.566287,0.08604,2.5,5.96,0.112,6.35,442.0,3664.0,0.539,0.538,-0.11,4.75
LHS 3844 b,0.462929709,0.00624,1.286,2.37,0.0,73.67,816.0,3080.0,0.189,0.151,0.22,5.07
LP 714-47 b,4.052037,0.0417,4.7,30.8,0.04,,700.0,3950.0,0.584,0.59,0.41,4.64
LP 791-18 b,0.9479981,0.00978,1.212,,,24.14,564.3,2960.0,0.182,0.139,-0.09,5.115
LP 791-18 c,4.98991,0.02961,2.488,7.16,0.0001,,,2960.0,0.182,0.139,-0.09,5.115
LP 890-9 b,2.7299025,0.01875,1.32,13.2,,4.09,396.0,2850.0,0.1556,0.118,-0.028,5.126
LTT 1445 A b,5.3587635,0.0381,1.34,2.73,,5.7,431.0,,0.271,0.257,,
LTT 1445 A c,3.1239035,0.02661,1.147,1.54,0.223,10.9,508.0,3340.0,0.265,0.257,-0.34,
LTT 3780 b,0.76837931,0.01195,1.325,2.46,0.0,111.0,903.0,3358.0,0.38,0.381,0.06,4.85
LTT 3780 c,12.252284,0.0757,2.39,8.04,0.024,2.76,359.0,3358.0,0.38,0.381,0.06,4.85
LTT 9779 b,0.792052,0.01679,4.72,29.32,0.0,,1978.0,5443.0,0.949,1.02,0.27,4.35
NGTS-11 b,35.45533,0.201,9.157753,109.33352,0.13,,435.0,5050.0,0.832,0.862,0.22,4.5
NGTS-20 b,54.18915,0.313,11.99360935,947.12865286,0.432,,688.0,5980.0,1.78,1.47,0.15,3.8
NGTS-27 b,3.3704181,0.0446,15.64773706,188.47224535,0.0,1680.0,1783.0,5700.0,1.77,1.07,0.0,4.05
NGTS-30 b,98.29838,0.408,10.40193409,305.11527072,0.294,,500.0,5455.0,0.913,0.94,-0.03,4.3
NGTS-31 b,4.162734,0.064,18.04645893,355.96781584,0.0,643.0,1410.0,5710.0,1.7,0.96,0.0,4.43
NGTS-33 b,2.827972,0.048,18.38272835,1153.71711741,0.0,2620.0,1991.0,7437.0,1.47,1.6,-0.11,4.26
NGTS-34 b,43.12655,0.257,3.65,19.1,,,624.0,6134.0,1.367,1.266,0.228,4.22
NGTS-35 b,25.241192,0.16,10.9,152.0,0.192,,451.0,4717.0,0.753,0.789,0.085,4.57
NGTS-38 b,180.52797,0.697,12.11690814,1516.04150139,0.3086,,457.0,6310.0,1.88,1.46,0.33,4.06
Ross 176 b,5.0066338,0.0464,1.84,4.57,0.25,36.2,682.0,4041.0,0.569,0.577,-0.19,5.07
TIC 139270665 b,23.624,0.163,7.22979255,147.15455244,0.105,40.3,703.0,5844.0,1.016,1.035,0.156,4.439
TIC 147027702 b,44.40523,0.274,10.92875618,346.43296363,0.127,,863.0,6410.0,2.136,1.406,-0.08,3.926
TIC 172900988 b,200.452,0.90281,11.25,942.0,0.0271,,,6050.0,1.3842,1.2384,0.34,4.2485
TIC 183374187 b,5.05907,,14.03364384,177.98390792,0.506,,1379.0,5768.0,1.344,0.853,-0.39,4.112
TIC 237913194 b,15.168865,0.1207,12.520453,617.22586,0.575,,974.0,5788.0,1.088,1.026,0.14,4.376
TIC 241249530 b,165.7719,0.641,13.29385111,1582.78546686,0.9412,,,6166.0,1.397,1.271,0.09,4.23
TIC 245076932 b,21.61389,0.157,10.87271128,162.09248757,0.428,,845.0,6130.0,1.288,1.117,0.02,4.267
TIC 257060897 b,3.66003639,0.04922,17.26183028,201.50321004,0.039,,1775.0,5993.0,1.863,1.187,0.054,3.972
TIC 279401253 b,76.8,0.369,11.2089807,1951.46641898,0.448,,,5951.0,1.06,1.13,0.2,4.438
TIC 365102760 b,4.21285367,0.0622,6.21,19.2,0.406,,,4900.0,3.13,1.17,0.09,3.52
TIC 393818343 b,16.24921,0.1291,12.18416202,1379.37528638,0.6058,2.28,805.5,5756.0,1.086,1.082,0.318,4.402
TIC 434398831 b,3.685504,0.04641,3.51,,0.04,,1250.0,5638.0,0.909,0.992,-0.081,4.42
TIC 434398831 c,6.210291,0.06572,5.63,,0.013,,1050.0,5638.0,0.909,0.992,-0.081,4.42
TIC 46432937 b,1.44044527,0.02065,13.31626907,1017.0509024,0.009,,872.0,3572.0,0.5299,0.563,0.323,4.74
TIC 4672985 b,69.048,0.33,11.5004142,4049.13390518,0.018,,517.2,5757.0,1.15,1.01,0.14,4.32
TIC 52059926 b,175.532,0.553,10.71,5380.0,0.51,,229.6,4505.0,0.72,0.73,-0.08,4.62
TIC 87422071 b,11.364929,0.106,10.8615023,409.99864503,0.124,,1110.0,6150.0,1.489,1.239,0.16,4.183
TIC 88785435 b,10.508843,0.08432,5.03,,0.131,,635.0,3998.0,0.911,0.724,-0.08,4.19
TIC 9344899 b,8.5821566,0.0815,9.16,6170.0,0.029,,923.0,5800.0,1.06,0.98,0.07,4.39
TOI-1011 b,2.470498,,1.45,4.04,0.0,,,5475.0,0.92,0.91,0.03,4.5
TOI-1052 b,9.139703,0.09103,2.87,16.9,0.18,246.0,1135.0,6146.0,1.264,1.204,0.14,4.3
TOI-1062 b,4.11296,0.052,2.265,10.15,0.177,232.0,1077.0,5328.0,0.84,0.94,0.14,4.55
TOI-1064 b,6.443868,0.06152,2.587,13.5,0.047,62.9,784.0,4734.0,0.726,0.748,0.05,4.6
TOI-1064 c,12.226574,0.09429,2.651,2.5,0.088,26.8,634.0,4734.0,0.726,0.748,0.05,4.6
TOI-1075 b,0.6047328,0.01159,1.791,9.95,0.0,509.2,1323.0,3875.0,0.581,0.604,-0.08,
TOI-1080 b,3.9652482,0.0272,1.2,10.7,,4.35,368.0,3065.0,0.2019,0.1667,-0.09,5.049
TOI-1107 b,4.0782387,0.0561,14.57167491,1064.72516345,0.025,532.0,1728.0,6311.0,1.81,1.35,-0.1,4.05
TOI-1117 b,2.22816,0.033,2.46,8.9,0.0,928.0,1538.0,5635.0,1.05,0.97,0.136,4.41
TOI-1130 b,4.074554,0.0453,3.66,19.8,0.052162,,825.0,4360.0,0.697,0.745,0.11,4.55
TOI-1130 c,8.3501898,0.0731,13.0,336.0,0.0398,,650.0,4360.0,0.697,0.745,0.11,4.55
TOI-1135 b,8.0277327,0.0815,9.91994792,58.79825529,0.062,310.0,1171.0,6320.0,1.202,1.119,-0.039,4.328
TOI-1136 b,4.1727,0.05106,,3.5,0.027,,1216.0,5770.0,0.968,1.022,0.07,4.47
TOI-1136 c,6.2574,0.0669,,6.32,0.11,,1062.0,5770.0,0.968,1.022,0.07,4.47
TOI-1136 d,12.5199,0.1062,,8.35,0.042,,843.0,5770.0,0.968,1.022,0.07,4.47
TOI-1136 e,18.801,,,6.07,0.0425,,737.0,5770.0,0.968,1.022,0.07,4.47
TOI-1136 f,26.321,0.174,,9.7,0.001,,658.0,5770.0,0.968,1.022,0.07,4.47
TOI-1136 g,39.545,0.229,,5.6,0.04,,574.0,5770.0,0.968,1.022,0.07,4.47
TOI-1173 b,7.06466,0.0696,9.19,27.4,0.023,132.0,868.0,5350.0,0.934,0.911,0.139,4.45
TOI-1181 b,2.103189,,17.02644168,374.71969185,0.011,,,6054.0,1.961,1.467,0.38,4.02
TOI-1194 b,2.3106446,0.034,8.71664516,120.0,0.0,,1264.29,5394.0,0.9608,0.9835,0.348,4.463
TOI-1199 b,3.671463,0.04988,10.5140239,75.96098927,0.03,,1486.0,5710.0,1.45,1.23,0.44,4.19
TOI-1201 b,2.4919863,0.0287,2.415,6.28,0.0,40.6,703.0,3476.0,0.508,0.512,0.05,4.8
TOI-1203.01,25.502672,0.1632,2.918,7.39,0.032,51.0,743.6,5737.0,1.179,0.886,-0.39,4.34
TOI-122 b,5.07803,0.0392,2.72,,0.0,8.8,471.0,3403.0,0.334,0.312,,4.88
TOI-1221 b,91.68278,0.387,2.91,1112.3994245,0.21,6.06,440.0,5592.0,1.031,0.93,0.06,4.38
TOI-1231 b,24.245586,0.1288,3.65,15.4,0.087,1.93,329.6,3553.0,0.476,0.485,0.041,4.767
TOI-1232 b,14.256,0.117,10.92875618,220.57291446,0.065,,,5823.0,1.072,1.058,0.18,4.403
TOI-1232 c,30.356,0.194,,58.48042689,0.027,,,5823.0,1.072,1.058,0.18,4.403
TOI-1233.01,14.175685,0.1074,2.539,,0.055,,,5660.0,0.877,0.869,-0.28,4.49
TOI-1235 b,3.444714,,1.69,6.69,0.049,,,3997.0,0.619,0.63,0.33,4.64
TOI-1238 b,0.764597,0.0139,1.21,3.76,0.25,442.0,1133.0,4089.0,0.58,0.59,0.31,4.63
TOI-1238 c,3.294736,0.037,2.11,8.32,0.15,63.0,695.0,4089.0,0.58,0.59,0.31,4.63
TOI-1243 b,4.6594779,,2.33,7.7,,,450.0,3515.0,0.511,0.515,-0.2,4.73
TOI-1246 b,4.30744,0.049,3.01,8.1,,196.0,955.0,5151.0,0.86,0.87,0.17,4.4
TOI-1246 c,5.904137,0.061,2.45109846,9.1,0.0,,862.49,5213.0,0.8649,0.8889,0.168,4.51
TOI-1246 d,18.654874,0.132,3.43139739,5.4,0.0,,587.77,5213.0,0.8649,0.8889,0.168,4.51
TOI-1246 e,37.92548,0.212,3.5141875,14.5,0.0,,463.98,5213.0,0.8649,0.8889,0.168,4.51
TOI-1248 b,4.3601561,0.051,6.8084859,27.4,0.0,,952.09,5205.0,0.8686,0.9042,0.223,4.515
TOI-1249 b,13.079151,0.109,3.2710301,11.9,0.0,,726.89,5497.0,0.9785,1.0062,0.297,4.457
TOI-125 b,4.65382,0.05186,2.726,9.5,0.194,185.0,1037.0,5320.0,0.848,0.859,-0.02,4.516
TOI-125 c,9.15059,0.0814,2.759,6.63,0.066,77.59,827.8,5320.0,0.848,0.859,-0.02,4.516
TOI-125 d,19.98,0.137,2.93,13.6,0.168,26.7,638.1,5320.0,0.848,0.859,-0.02,4.516
TOI-1260 b,3.127463,0.0367,2.41,8.56,0.0,95.58,871.0,4227.0,0.672,0.679,-0.1,4.57
TOI-1260 c,7.493134,0.0657,2.76,13.2,0.0,29.81,651.0,4227.0,0.672,0.679,-0.1,4.57
TOI-1260 d,16.608164,0.1116,3.12,11.84,0.0,10.32,499.0,4227.0,0.672,0.679,-0.1,4.57
TOI-1266 b,10.8945,0.073,2.52,4.46,0.039,,415.0,3563.0,0.4232,0.437,-0.109,4.826
TOI-1266 c,18.8027,0.105,1.98,3.17,0.071,,346.0,3563.0,0.4232,0.437,-0.109,4.826
TOI-1266 d,32.509,0.1513,,3.68,0.087,,288.0,3563.0,0.4232,0.437,-0.109,4.826
TOI-1268 b,8.1577094,0.0711,9.1,96.4,0.105,,918.9,5300.0,0.92,0.96,0.36,4.55
TOI-1269 b,4.2529913,0.0496,2.40144286,6.4,0.0,,1004.9,5499.0,0.8521,0.9027,-0.049,4.531
TOI-1272 b,3.3159765,0.041,4.26,24.1,0.345,,1051.0,4985.0,0.8,0.828,0.1,4.551
TOI-1273 b,4.631296,0.0549,11.09689089,70.55790635,0.055,,1211.0,5690.0,1.06,1.06,0.07,4.37
TOI-1278 b,14.47567,0.095,12.21778896,5879.8255295,0.013,,,3799.0,0.573,0.54,-0.01,4.68
TOI-1279 b,9.61419,0.085,2.66146528,10.6,0.0,,759.0,5457.0,0.8426,0.8784,-0.079,4.529
TOI-128.01,4.9404681,0.05381019,2.21898,,,182.406,1344.51,6086.0,1.13,0.851969,,4.26269
TOI-1288 b,2.6998279,0.0374,4.96846551,44.1,0.0,,1203.44,5388.0,0.9583,0.9552,0.257,4.453
TOI-1294 b,3.915292,0.051,10.12369881,63.9,0.0,,1392.74,5718.0,1.5566,1.1578,0.283,4.119
TOI-1295 b,3.1968838,0.047,15.69257298,451.31633794,0.024,1800.0,2360.0,6280.0,1.7,1.38,0.26,4.1
TOI-1296 b,3.9443736,0.051,14.11645916,95.3,0.0,,1414.84,5567.0,1.7031,1.1576,0.405,4.035
TOI-1298 b,4.537143,0.057,9.65807033,99.0,0.0,,1278.0,5752.0,1.4536,1.2187,0.397,4.194
TOI-132 b,2.1097019,0.026,3.42,22.4,0.059,860.0,1395.0,5397.0,0.9,0.97,0.16,4.48
TOI-1333 b,4.720219,0.0626,15.647764,753.2571,0.073,,1679.0,6274.0,1.925,1.464,0.119,4.034
TOI-1346 b,1.7622538,,2.39,,,,1324.0,5099.0,0.78,0.82,-0.01,4.61
TOI-1346 c,5.502558,,2.23,,,,928.0,5099.0,0.78,0.82,-0.01,4.61
TOI-1347 b,0.84742346,,1.8,11.1,0.0,,1400.0,5464.0,0.83,0.913,0.04,4.64
TOI-1347 c,4.841962,,1.6,6.4,0.0,,1000.0,5464.0,0.83,0.913,0.04,4.64
TOI-1386 b,25.8401,0.173,6.2163865,45.8,0.0,,615.03,5735.0,1.0235,1.0363,0.149,4.431
TOI-139 b,11.07085,,2.4566,,,,561.17,4570.0,0.7007,0.69,-0.238,4.705
TOI-1408 b,4.42587,0.05778,25.0,593.0,0.0023,,,6117.0,1.53,1.312,0.25,4.1
TOI-1408 c,2.1664,0.03587,2.22,7.6,0.1353,,,6117.0,1.53,1.312,0.25,4.1
TOI-1410.01,1.21687,0.0207,3.10083009,12.5,0.0,,1236.7,4635.0,0.7558,0.7941,0.328,4.579
TOI-1411 b,1.4520527,0.02122,1.19880592,2.0,0.0,,976.4,4115.0,0.614,0.6045,0.012,4.64
TOI-1416 b,1.0697568,0.019,1.62,3.48,0.0,883.0,1517.0,4884.0,0.793,0.798,0.08,4.52
TOI-1420 b,6.9561063,0.071,11.89,25.1,0.17,139.0,957.0,5510.0,0.923,0.987,0.28,4.502
TOI-1431 b,2.650237,0.046,16.70138124,991.62462984,0.0022,5300.0,2370.0,7690.0,1.92,1.9,0.09,4.15
TOI-1437 b,18.840942,0.14,2.24,9.6,0.17,82.0,,6008.0,1.17,1.1,-0.4924,4.26
TOI-1438 b,5.13967,0.0553,3.04,9.4,0.0,145.0,971.0,5230.0,0.82,0.876,0.03,4.5
TOI-1438 c,9.428089,0.083,2.75,10.6,0.0,65.0,794.0,5230.0,0.82,0.876,0.03,4.5
TOI-1439 b,27.644,0.192,4.2427861,38.5,0.157,,748.4,5841.0,1.6184,1.2313,0.226,4.106
TOI-1442 b,0.4090677,0.0071,1.17,,,,1072.0,3330.0,0.31,0.29,,4.92
TOI-1443 b,23.540678,0.147,2.30381001,30.0,0.0,,520.66,5224.0,0.7511,0.7663,-0.294,4.564
TOI-1444 b,0.4702743,0.0116,1.41792246,3.58,0.0,,2130.02,5460.0,0.9105,0.9513,0.146,4.496
TOI-1448 b,8.112245,0.0567,2.749,19.5,0.36,5.45,426.0,3412.0,0.38,0.372,0.37,4.849
TOI-1450 A b,2.0439274,,1.13,1.258,,,722.0,3437.0,0.483,0.48,-0.12,4.76
TOI-1451 b,16.537944,0.127,2.61143902,15.2,0.0,,723.33,5801.0,1.0162,1.0022,0.019,4.424
TOI-1452 b,11.06201,0.061,1.672,4.82,0.0,1.8,326.0,3185.0,0.275,0.249,-0.07,4.95
TOI-1453 b,4.3135225,,1.173,2.32,0.0,132.6,944.2,4975.0,0.72,0.715,-0.31,4.576
TOI-1453 c,6.5886982,,2.224,2.95,0.0,75.3,819.8,4975.0,0.72,0.715,-0.31,4.576
TOI-1468 b,1.8805201,0.02107,1.401,3.04,0.0099,36.4,683.5,3376.0,0.3714,0.3527,-0.01,4.846
TOI-1468 c,15.532477,0.08608,2.126,4.1,0.111,2.13,338.1,3376.0,0.3714,0.3527,-0.01,4.846
TOI-1470 b,2.527093,0.0285,2.18,7.32,0.3,46.3,734.0,3709.0,0.469,0.471,0.0,4.77
TOI-1470 c,18.08816,0.106,2.47,7.24,0.5,3.35,373.0,3709.0,0.469,0.471,0.0,4.77
TOI-1472 b,6.36338574,0.064,4.058,18.05,0.041,,891.0,5100.0,0.84,0.87,0.27,4.5
TOI-150.01,5.857487,0.07037,14.067295,797.7533,0.262,,1404.5,6255.0,1.526,1.351,0.28,4.13
TOI-1516 b,2.056014,,15.24421375,1004.33776612,,,,6520.0,1.14,1.14,-0.05,4.25
TOI-1533 b,3.6457974,0.0445,2.89,28.1,0.0,,,5146.0,0.849,0.88,0.24,4.5
TOI-1533 c,8.0637926,0.076,7.5,36.6,0.0,,,5146.0,0.849,0.88,0.24,4.5
TOI-157 b,2.0845435,0.03138,14.414774,375.0394,0.0,1062.0,1588.0,5404.0,1.167,0.948,0.24,4.281
TOI-159 b,3.7628396,0.056,18.18,1110.0,0.24,,1891.0,7287.0,1.62,1.661,0.3,4.23
TOI-1601 b,5.33175,0.069,14.19902343,387.0,0.0,,1493.97,5982.0,2.195,1.5055,0.343,3.928
TOI-163 b,4.231306,0.058,16.690201,387.7526,0.0,,1669.0,6495.0,1.648,1.4352,0.22,4.187
TOI-1634 b,0.98934551,0.01544,1.759,4.9,0.0,,900.0,3550.0,0.45,0.502,0.23,4.833
TOI-1648 b,7.331602,0.0694,2.54,7.4,0.178,,799.0,4850.0,0.81,0.83,0.2,4.5
TOI-1669 c,2.6800535,0.0376,2.2963977,13.0,0.0,,1285.16,5497.0,1.0561,0.9867,0.274,4.382
TOI-1670 b,10.98462,0.103,2.06,41.31769291,0.59,,1062.0,6170.0,1.316,1.21,0.09,4.29
TOI-1670 c,40.74976,0.249,11.06326395,200.23189641,0.09,,684.0,6170.0,1.316,1.21,0.09,4.29
TOI-1680 b,4.8026345,0.03144,1.466,,,4.41,404.0,3225.0,0.2106,0.1798,0.04,5.046
TOI-1683.01,3.0575356,0.036507593,2.6382,,,163.056,929.25,4402.0,0.7,0.694661,,4.59
TOI-1685 b,0.66913923,0.01164,1.421,3.07,,213.0,1000.0,3470.0,0.462,0.466,0.01,4.68
TOI-169 b,2.2554477,0.03524,12.172974,251.40353,0.0,1443.0,1715.0,5880.0,1.288,1.147,0.24,4.278
TOI-1693 b,1.7666957,0.0226,1.41,,,,764.0,3499.0,0.46,0.49,,4.8
TOI-1694 b,3.7701389,0.0445,5.27,28.24,0.122,,1037.0,5005.0,0.812,0.828,0.04,4.536
TOI-1695 b,3.1342791,0.033548,1.9,6.36,0.097,39.0,698.0,3690.0,0.515,0.513,0.0,4.725
TOI-1696 b,2.500311,0.0229,3.09,48.8,,,489.0,3185.0,0.2775,0.255,0.336,4.959
TOI-172 b,9.47725,0.0914,10.816685,1722.6386,0.3806,299.0,1198.0,5645.0,1.777,1.128,0.148,3.993
TOI-1728 b,3.49151,0.0391,5.05,26.78,0.057,57.78,767.0,3980.0,0.6243,0.646,0.25,4.657
TOI-1736 b,7.073076,0.073,3.18175535,12.3,0.0,,1099.79,5636.0,1.4286,1.0373,0.148,4.142
TOI-1742 b,21.269084,0.154,2.36507598,9.7,0.3,,694.09,5815.0,1.131,1.0861,0.193,4.365
TOI-1743 b,4.266046,0.03589,1.83,,,,485.0,3277.0,0.338,0.339,0.22,4.909
TOI-1749 b,2.38839,0.0291,1.39,57.0,0.14,,831.0,3985.0,0.55,0.58,-0.26,4.7
TOI-1749 c,4.4929,0.0443,2.12,14.0,0.019,,673.0,3985.0,0.55,0.58,-0.26,4.7
TOI-1749 d,9.0497,0.0707,2.52,15.0,0.062,,533.0,3985.0,0.55,0.58,-0.26,4.7
TOI-1751 b,37.46852,0.215,2.9507845,19.5,0.327,,651.64,5970.0,1.3137,0.9382,-0.373,4.171
TOI-1752 b,0.9351861,0.01624,1.693,,,,1036.0,3762.0,0.53,0.524,-0.11,4.71
TOI-1752 c,32.71443,0.1614,2.29,,,,291.0,3762.0,0.53,0.524,-0.11,4.71
TOI-1753 b,5.3846104,0.059,2.47852533,16.6,0.0,,1005.43,5621.0,0.9715,0.9483,0.026,4.438
TOI-1759 b,18.85019,0.1177,3.14,10.8,0.0,6.39,443.0,4065.0,0.597,0.606,0.05,4.65
TOI-1774.01,16.70988,,2.78,8.5,0.05,,824.0,5746.0,1.1303,0.991,-0.02,4.33
TOI-1775 b,10.2405549,0.08,8.04728896,96.0,0.0,,707.89,5284.0,0.8288,0.9218,0.162,4.565
TOI-1776 b,2.799868,0.0378,1.21612741,1.4,0.0,,1269.21,5785.0,0.9356,0.9196,-0.193,4.457
TOI-178 b,1.9145601,,1.2,0.96,,,,4316.0,0.662,0.647,-0.23,4.45
TOI-178 c,3.238486,,1.754,4.64,0.00032,,,4316.0,0.662,0.647,-0.23,4.45
TOI-178 d,6.557569,,2.695,5.2,0.0068,,,4316.0,0.662,0.647,-0.23,4.45
TOI-178 e,9.96318,,2.301,3.48,0.00038,,,4316.0,0.662,0.647,-0.23,4.45
TOI-178 g,20.71663,,2.939,4.4,0.00043,,,4316.0,0.662,0.647,-0.23,4.45
TOI-1789 b,3.208664,0.04882,16.14093221,222.4798849,,2300.0,1927.0,5991.0,2.168,1.507,0.373,3.943
TOI-1794 b,8.765528,0.082,3.29701268,8.7,0.0,,992.91,5631.0,1.3162,0.9698,0.035,4.184
TOI-1801 b,10.64387,,2.079,5.738,0.0,,493.7,3863.0,0.547,0.556,-0.19,4.78
TOI-1803 b,6.293287,0.06,2.99,10.32,0.0,58.0,747.0,4687.0,0.715,0.756,0.014,4.62
TOI-1803 c,12.885779,0.097,4.29,8.0,0.0,22.0,588.0,4687.0,0.715,0.756,0.014,4.62
TOI-1806.01,15.1454693,0.087735044,3.4095367,,,2.1473,337.47,3272.0,0.401575,0.392935,,4.82521
TOI-1807 b,0.54937097,0.0122,1.49681583,2.44,0.0,,1694.1,4914.0,0.746,0.8048,0.044,4.598
TOI-181 b,4.532,0.0539,6.9559,46.1687,0.1543,102.43,895.1,4994.0,0.745,0.822,0.272,4.608
TOI-1811 b,3.7130765,0.04389,11.14172682,308.9292116,0.052,,962.2,4766.0,0.769,0.817,0.306,4.579
TOI-1820 b,4.860674,0.061,12.778238,731.0053361,0.043,,1375.0,5734.0,1.51,1.04,0.14,4.24
TOI-1823 b,38.8,0.212,7.5406241,67.4,0.0,,423.63,4927.0,0.8049,0.8414,0.243,4.548
TOI-1824 b,22.808533,0.151,2.7438269,16.0,0.0,,528.67,5165.0,0.8123,0.8801,0.124,4.562
TOI-1836 b,20.380799,0.1597,8.00321222,38.45723725,0.0,,966.0,6380.0,1.577,1.307,-0.101,4.159
TOI-1836 c,1.7727471,0.03089,2.59987579,8.0,0.0,,2007.6,6237.0,1.6454,1.2518,-0.136,4.098
TOI-1842 b,9.5739181,0.1,12.3485023,89.4,0.276,,1199.55,6039.0,2.032,1.4643,0.332,3.986
TOI-1846 b,3.9306737,0.03646,1.792,,,17.35,568.1,3568.0,0.397,0.418,0.169,4.862
TOI-1853 b,1.2436258,0.0213,3.46,73.2,0.03,,1479.0,4985.0,0.808,0.837,0.11,4.49
TOI-1855 b,1.36414864,0.02398,18.49481816,360.09958513,0.033,,1701.0,5359.0,1.041,0.987,0.399,4.397
TOI-1859 b,63.48347,0.337,9.75181321,,0.57,,,6341.0,1.36,1.287,0.12,4.285
TOI-1860 b,1.0662107,0.0204,1.31,,,,1885.0,5752.0,0.94,0.99,0.04,4.58
TOI-1883 b,4.508,0.0423,5.65,13.7,0.0,14.7,544.0,3554.0,0.506,0.495,0.32,4.719
TOI-1898 b,45.52234,0.269,9.39553231,129.0,0.485,,674.54,6241.0,1.6131,1.2484,-0.095,4.116
TOI-1899 b,29.090312,0.1525,11.09689089,212.94503269,0.044,3.4,378.0,3926.0,0.607,0.632,0.28,4.672
TOI-1937 A b,0.94667944,0.01932,13.97759893,638.83509807,0.0,3230.0,2097.0,5814.0,1.08,1.072,0.196,4.401
TOI-198 b,10.215213,0.0675,1.36,3.17,0.15,7.2,456.0,3801.0,0.418,0.417,-0.66,4.81
TOI-199 b,104.854,0.4254,9.07927437,54.03082919,0.09,,,5255.0,0.82,0.936,0.22,4.582
TOI-1994 b,4.0337142,0.0613,13.67495645,7024.0077947,0.341,,2290.0,7700.0,2.3,1.86,-0.01,3.982
TOI-2000 b,3.09833,0.04271,2.7,11.0,0.0,628.0,1488.0,5611.0,1.134,1.082,0.439,4.363
TOI-2000 c,9.127055,0.0878,8.14,81.7,0.063,149.0,1038.0,5611.0,1.134,1.082,0.439,4.363
TOI-2005 b,17.305904,0.16,11.99360935,2034.1018048,0.597,,,7130.0,2.02,1.59,0.0,3.946
TOI-201 b,52.9786,0.303,11.4,164.0,0.275,,,6423.0,1.31,1.32,,
TOI-201 c,2890.0,4.37,10.4,4990.0,0.651,,,6423.0,1.31,1.32,,
TOI-201 d,5.84889,0.0698,1.39,5.8,0.3,,,6423.0,1.31,1.32,,
TOI-2010 b,141.834025,0.5516,11.81426566,408.7273314,0.212,4.09,400.2,5929.0,1.079,1.112,0.168,4.417
TOI-2015 b,3.348237,0.029322,3.309,9.2,0.0789,13.185,530.9,3297.0,0.3273,0.3041,-0.31,5.04
TOI-2018 b,7.435583,,2.268,9.2,0.0,,,4174.0,0.62,0.57,-0.58,4.62
TOI-2019 b,15.3444,0.128,5.33275337,34.4,0.0,,917.46,5626.0,1.7457,1.1832,0.409,4.025
TOI-2025 b,8.8720982,0.0892,11.89272852,1144.1822652,0.394,,1166.0,5977.0,1.459,1.199,0.15,4.187
TOI-2031 A b,5.71548654,0.066,14.20177855,254.2627256,0.076,567.0,1358.0,6490.0,1.241,1.174,-0.24,4.32
TOI-2046 b,1.4971842,,16.14093221,731.0053361,,,,6250.0,1.21,1.13,-0.06,4.3
TOI-206 b,0.7363104,0.0112,1.3,,,,910.0,3383.0,0.35,0.35,,4.89
TOI-2068 b,7.768915,0.0632,1.821,,,12.23,520.62,3710.0,0.535,0.559,0.27,4.729
TOI-2076 b,10.35504,0.08781,2.59,6.7,0.0114,,736.0,,0.758,0.849,,
TOI-2076 c,21.01447,0.1407,3.54,7.2,0.036,,581.0,,0.758,0.849,,
TOI-2076 d,35.12803,0.1982,3.27,7.3,0.027,,490.0,,0.758,0.849,,
TOI-2076 e,3.0223753,0.03863,1.301,4.7,0.0,,1110.0,,0.758,0.849,,
TOI-2081 b,10.50534,0.0752,2.04,,,8.1,488.0,3800.0,0.534,0.54,-0.5,4.5
TOI-2084 b,6.0784247,0.05006,2.47,,,12.8,527.0,3551.0,0.475,0.453,-0.13,4.75
TOI-2088 b,124.72997,0.472,3.6831179,37.0,0.0,,300.33,5081.0,0.8481,0.9027,0.339,4.533
TOI-2093 c,53.81149,0.257,2.3,15.8,0.0,,329.0,4426.0,0.729,0.745,-0.08,4.87
TOI-2094 b,18.793193,0.136,1.9,,,0.98,276.0,3435.0,0.384,0.425,-0.06,4.89
TOI-2095 b,17.66484,0.101,1.25,4.1,0.0,3.43,347.0,3759.0,0.44,0.44,-0.24,5.11
TOI-2095 c,28.17232,0.137,1.33,7.4,0.0,1.84,297.0,3759.0,0.44,0.44,-0.24,5.11
TOI-2096 b,3.1190633,0.025,1.243,,0.15,9.4,445.0,3300.0,0.235,0.231,-0.03,5.05
TOI-2096 c,6.38784,0.04,1.914,,0.1,3.7,349.0,3300.0,0.235,0.231,-0.03,5.05
TOI-2107 b,2.4545467,0.03515,13.57407563,263.79757781,0.033,,1397.0,5627.0,0.932,0.961,0.07,4.484
TOI-2109 b,0.67247414,0.01791,15.098497,1595.49860314,,,3646.0,6540.0,1.698,1.453,0.068,4.139
TOI-2120 b,5.7998164,0.0377,2.122,6.8,0.32,3.61,384.0,3131.0,0.245,0.211,0.39,4.985
TOI-2128 b,16.34136,0.127,2.08874836,4.5,0.0,,780.53,5968.0,1.1174,1.0251,-0.07,4.349
TOI-2133 b,3.8266472,0.041,2.37,,,,798.0,4250.0,0.62,0.644,-0.01,4.6
TOI-2134 b,9.2292005,0.078,2.69,9.13,0.06,32.0,666.0,4580.0,0.709,0.744,0.12,4.8
TOI-2134 c,95.5,0.371,7.27,41.89,0.67,1.4,306.0,4580.0,0.709,0.744,0.12,4.8
TOI-2136 b,7.851928,0.057,2.19,6.37,0.0,4.0,395.0,3342.0,0.34,0.34,0.03,4.91
TOI-2141 b,18.261608,0.1322,3.147,20.1,,47.3,728.0,5635.0,0.95,0.896,-0.14,4.4
TOI-2145 b,10.261128,0.1117,12.24020692,1805.26535176,0.214,,,6206.0,2.75,1.71,0.28,3.79
TOI-2147 b,26.20518,0.172,10.5,116.0,0.29,,820.0,5983.0,1.39,0.99,-0.29,4.2
TOI-2152 A b,3.3773512,0.05064,14.35870428,899.45439181,0.057,,1802.0,6630.0,1.612,1.516,0.282,4.205
TOI-2154 b,3.8240801,0.0513,16.28664896,292.40213444,0.117,,1580.0,6280.0,1.396,1.233,0.011,4.239
TOI-2158 b,8.60077,0.075,10.76062147,260.61929374,0.07,,1188.0,5673.0,1.41,1.12,0.47,4.19
TOI-2169 A b,8.2148282,0.0896,12.50922246,329.58805806,0.045,577.0,1364.0,6270.0,1.82,1.42,0.123,4.069
TOI-2180 b,260.79,0.828,11.32107051,875.61726129,0.3683,2.71,348.0,5695.0,1.636,1.111,0.253,4.057
TOI-2184 b,6.90683,,11.39953337,206.58846455,0.08,1429.0,,5966.0,2.9,1.53,0.14,3.7
TOI-2193 A b,2.1225735,0.03319,19.83989584,298.75870258,0.0,1600.0,1763.0,5966.0,1.248,1.082,0.027,4.278
TOI-2194 b,15.337597,,1.9892,,,,590.88,4756.0,0.6909,0.74,-0.372,4.698
TOI-2196 b,1.1947268,0.02234,3.51,26.0,0.0,2000.0,1860.0,5634.0,1.043,1.032,0.14,4.42
TOI-220 b,10.695264,0.08911,3.03,13.8,0.032,,805.0,5298.0,0.858,0.825,-0.217,4.37
TOI-2202 b,11.9126075,,10.95117414,287.31687993,0.022,,,5169.0,0.808,0.841,0.059,4.548
TOI-2207 b,8.001968,0.0854,11.1529358,203.41018048,0.174,406.0,1259.0,6101.0,1.564,1.296,0.181,4.161
TOI-2236 b,3.5315902,0.05009,14.36991326,502.16888306,0.0,1356.0,1688.0,6248.0,1.573,1.343,0.119,4.172
TOI-2257 b,35.189346,0.145,2.194,,0.496,,256.0,3430.0,0.313,0.328,-0.27,4.971
TOI-2260 b,0.3524728,0.0097,1.62,,,,2609.0,5534.0,0.94,0.99,0.22,4.62
TOI-2266 b,2.326318,0.02,1.54,,,13.0,550.0,3200.0,0.24,0.23,,
TOI-2267 b,2.28909,0.0205,1.0,,,8.4,424.0,3030.0,0.2075,0.171,0.164,4.99
TOI-2267 c,3.4950412,0.0263,1.14,,,4.7,374.0,3030.0,0.2075,0.171,0.164,4.99
TOI-2274 b,2.67963,0.05,2.45,,,,771.46,3943.0,0.631,0.612,,4.5
TOI-2285 b,13.635109,,1.77,,,3.91,358.0,3491.0,0.464,0.454,-0.05,
TOI-2295 b,30.033302,0.1992,16.47720163,278.09985612,0.334,,747.0,5730.0,1.459,1.168,0.316,4.176
TOI-2322 b,11.30717,0.0924,0.994,2.31,0.0,22.04,603.1,4664.0,0.662,0.703,-0.12,4.57
TOI-2322 c,20.225528,0.1362,1.874,18.1,0.0,10.15,496.8,4664.0,0.662,0.703,-0.12,4.57
TOI-2328 b,17.10197,0.127,9.97599282,50.85254512,0.057,,842.0,5525.0,0.9,0.95,0.09,4.505
TOI-2337 b,2.99432,,10.08808263,508.5254512,0.019,,,4780.0,3.22,1.325,0.39,3.5
TOI-2338 b,22.65398,0.158,11.2089807,1900.61387386,0.676,,799.0,5581.0,1.05,0.99,0.22,4.4
TOI-2345 b,1.0528573,0.01705,1.504,3.49,,791.0,1478.0,4687.0,0.729,0.727,-0.1,4.57
TOI-2345 c,21.064302,0.1257,2.451,7.27,,14.57,544.0,4687.0,0.729,0.727,-0.1,4.57
TOI-2346 b,3.3312029,0.0473,16.11851425,394.10722468,0.086,1360.0,1689.0,6480.0,1.38,1.271,-0.03,4.265
TOI-2364 b,4.0197517,0.04871,8.60849718,71.51139158,0.0,237.0,1091.0,5306.0,0.886,0.954,0.344,4.524
TOI-2368 b,5.1750073,0.05649,10.83908434,206.58846455,0.061,,1000.0,5360.0,0.846,0.897,0.1,4.538
TOI-237 b,5.436098,0.0341,1.44,,0.0,3.7,388.0,3212.0,0.211,0.179,,5.04
TOI-2373 b,13.33668,0.112,10.42435205,2955.8041851,0.112,,860.0,5651.0,1.102,1.041,0.3,4.371
TOI-2374 b,4.3136193,0.04818,7.48759911,61.65871096,,122.9,926.0,5002.0,0.711,0.802,0.128,4.638
TOI-2379 b,5.4693827,0.05263,11.72459381,1830.69162432,0.342,25.3,624.0,3707.0,0.622,0.645,0.501,4.653
TOI-238 b,1.273099,0.0212,1.559,3.37,,753.1,1378.0,5059.0,0.756,0.781,-0.114,4.58
TOI-2382 b,4.6612061,0.059,12.25141591,235.19302118,0.18,689.0,1426.0,6033.0,1.417,1.26,0.249,4.235
TOI-2384 b,2.13570304,0.02793,11.48920522,624.85064816,0.0,104.3,889.7,3943.0,0.6113,0.635,0.332,4.66
TOI-2406 b,3.0766891,0.02267,2.86,15.6,0.17,6.69,449.0,3100.0,0.204,0.166,-0.26,5.041
TOI-2407 b,2.702969,0.033,4.26,,0.08,41.0,705.0,3530.0,0.567,0.548,0.21,
TOI-2411 b,0.7826942,0.0144,1.68,,,,1355.0,4099.0,0.68,0.65,,4.59
TOI-2416 b,8.275479,0.0831,9.86390302,953.485221,0.32,,1080.0,5808.0,1.236,1.118,0.32,4.303
TOI-2420 b,5.842641,0.0684,15.02003414,294.62693329,0.055,1017.0,1571.6,,2.369,1.158,,
TOI-2421 b,4.3474032,0.0543,10.36830715,105.83685953,0.0,923.6,1534.0,5607.0,1.75,1.131,0.19,4.005
TOI-2427 b,1.3060011,0.0202,1.8,,,,1117.0,4072.0,0.65,0.64,,4.62
TOI-244 b,7.397225,0.0559,1.52,2.68,,7.3,458.0,3433.0,0.426,0.428,-0.39,4.66
TOI-2443 b,15.66858,0.105,2.363,4.8,0.301,,519.0,4375.0,0.631,0.642,-0.29,4.42
TOI-2445 b,0.3711281,0.0064,1.25,,,,1060.0,3333.0,0.27,0.25,,4.97
TOI-2447 b,69.33684,0.347,9.60609646,124.90656395,0.17,,414.0,5730.0,1.006,1.034,0.18,4.3
TOI-2449 b,106.14468,0.45,11.24,222.0,0.098,,400.0,6021.0,1.065,1.079,-0.03,4.4
TOI-2458 b,3.73659,0.0482,2.83,13.31,0.087,865.0,1509.4,6005.0,1.31,1.05,-0.1,4.2
TOI-2485 b,11.23479,0.1093,12.1393261,766.60211768,0.0341,275.6,1134.0,,1.72,1.163,,
TOI-2497 b,10.655669,0.1166,11.14172682,1531.93292174,0.195,,1595.0,7360.0,2.36,1.859,0.094,3.962
TOI-2498 b,3.738252,0.0491,6.06,34.62,0.089,,1443.0,5905.0,1.26,1.12,0.167,4.297
TOI-251 b,4.93777,0.05741,2.74,317.83,0.0,,,5875.0,0.881,1.036,-0.106,4.56
TOI-2524 b,7.18585,0.073,11.2089807,203.41018048,0.0,,1100.0,5831.0,1.119,1.007,0.06,4.344
TOI-2525 b,23.2856,0.1511,8.67575106,26.69758619,0.17,,,5096.0,0.785,0.849,0.14,4.58
TOI-2525 c,49.2519,0.249,10.13291855,208.8132634,0.157,,,5096.0,0.785,0.849,0.14,4.58
TOI-2529 b,64.5949,0.327,11.54525012,743.71847238,0.021,,636.0,5802.0,1.7,1.11,0.1,4.03
TOI-2537 b,94.1022,0.3715,11.25381662,415.40172795,0.364,,338.0,4870.0,0.771,0.771,0.08,4.551
TOI-2567 b,5.983944,0.0672,10.92875618,63.88350981,0.0,558.0,1352.0,5611.0,1.686,1.13,0.241,4.044
TOI-257 b,18.38818,0.1528,7.16253867,43.86032017,0.0,186.0,1027.0,6095.0,1.867,1.407,0.175,4.044
TOI-2570 b,2.9887615,0.04145,13.64132951,260.61929374,0.0,699.0,1431.0,5771.0,1.095,1.063,0.191,4.385
TOI-2580 b,3.39775,0.048,17.37392009,200.23189641,0.08,1730.0,2410.0,6120.0,1.81,1.33,0.26,4.15
TOI-2583 A b,4.5207265,0.0571,14.4595851,79.45710175,0.0,750.9,1456.0,5936.0,1.477,1.215,0.158,4.184
TOI-2587 A b,5.45664,0.0635,12.07207221,69.28659273,0.0,728.0,1445.0,5760.0,1.726,1.15,0.13,4.024
TOI-2589 b,61.6277,0.3,12.10569916,1112.3994245,0.522,,592.0,5579.0,1.07,0.93,0.12,4.35
TOI-260 b,13.475853,0.0943,1.71,4.23,0.0,,493.0,4026.0,0.607,0.616,-0.47,4.45
TOI-261.01,3.3639254,0.034792189,3.0449863,,,874.7956,1722.49,5890.3,1.28018,0.496728,,3.92
TOI-262 b,11.14529,0.163,2.07,,,,584.0,5310.0,0.853,0.913,0.26,4.54
TOI-2641 b,4.880974,0.0607,18.10250383,122.6817651,0.18,602.0,1387.0,6100.0,1.336,1.16,-0.15,4.2
TOI-2669 b,6.2034,,19.72780603,193.87532827,0.09,,,4800.0,4.1,1.19,0.1,3.29
TOI-269 b,3.6977104,0.0345,2.77,8.8,0.425,19.0,531.0,3514.0,0.398,0.3917,-0.29,4.831
TOI-270 b,3.35992,,1.28,1.48,0.0167,,600.0,3506.0,0.38,0.386,,4.872
TOI-270 c,5.66051,,2.33,6.2,0.0044,,489.0,3506.0,0.38,0.386,,4.872
TOI-270 d,11.38194,,2.0,4.2,0.0066,,383.0,3506.0,0.38,0.386,,4.872
TOI-2714 b,2.499387,0.036,13.72,228.0,0.164,,1603.0,5665.0,1.25,1.07,0.3,4.25
TOI-2719 b,3.37594,,5.98,,,,1710.0,5762.0,1.69,1.02,0.27,4.22
TOI-2768 b,1.50801,0.027,2.63,,,,855.0,4008.0,0.657,0.63,,4.5
TOI-277 b,3.994,0.0269,2.65,,,,,4031.0,0.362,0.16,-0.01,4.58
TOI-2796 b,4.8084983,0.0569,17.26183028,139.84449908,0.0,352.0,1205.0,5764.0,1.069,1.063,0.239,4.4
TOI-2803 A b,1.96229325,0.03185,18.11371281,309.88269682,0.0,2150.0,1893.0,6280.0,1.245,1.118,-0.105,4.298
TOI-2818 b,4.039709,0.0493,15.27784069,225.65816897,0.0,598.0,1376.0,5721.0,1.229,0.977,-0.02,4.25
TOI-283 b,17.61745,0.123,2.34,6.54,0.0,30.4,661.0,5213.0,0.85,0.8,-0.09,4.5
TOI-2842 b,3.5514058,0.0475,12.84549188,117.59651059,0.0,781.8,1471.0,5910.0,1.265,1.135,0.233,4.288
TOI-286 b,4.5117244,0.0503,1.42,4.53,0.0,,979.0,5152.0,0.78,0.832,-0.05,4.59
TOI-286 c,39.361826,0.213,1.88,3.72,0.0,,475.0,5152.0,0.78,0.832,-0.05,4.59
TOI-2876 b,6.2996431,0.0654,9.6397234,54.03082919,0.13,124.2,929.0,5271.0,0.873,0.939,0.353,4.529
TOI-2886 b,1.60200105,0.02871,18.6405349,444.9597698,0.11,2560.0,1978.0,6240.0,1.241,1.229,0.284,4.34
TOI-2969 b,1.8237146,0.0261,12.32987877,368.68095212,0.0,382.0,1186.0,4738.0,0.7,0.71,0.08,4.56
TOI-2977 b,2.3505614,0.03386,13.15934334,533.95172376,0.0,947.8,1544.0,5691.0,1.073,0.936,0.013,4.35
TOI-2981 b,3.601501,0.048,13.4,638.0,0.035,,1358.0,5940.0,1.08,1.03,-0.11,4.28
TOI-2986 b,3.2783662,0.04489,9.292245,96.61983573,0.14,1156.0,1622.0,5906.0,1.458,1.122,0.095,4.165
TOI-2989 b,3.122832,0.0384,12.55405838,953.485221,0.0,124.0,1001.0,4672.0,0.76,0.77,-0.04,4.58
TOI-2992 b,3.007812,0.0434,13.75341932,1058.36859531,0.089,1484.0,1726.0,6000.0,1.545,1.21,0.084,4.139
TOI-3023 b,3.9014971,0.0505,16.43236571,197.05361234,0.0,1084.0,1596.0,5760.0,1.668,1.12,0.085,4.048
TOI-3071 b,1.266938,0.0249,7.16,68.2,0.09,,2155.0,6177.0,1.31,1.29,0.35,4.37
TOI-3082 b,1.926907,,3.6621,,,,1032.78,4263.0,0.6847,0.664,0.17,4.625
TOI-3135 b,3.7065585,0.04756,13.65253849,327.36325921,0.24,464.0,1292.0,5890.0,0.985,1.044,0.071,4.469
TOI-3160 A b,3.971281,0.0505,13.7646283,378.21580433,0.18,933.0,1539.0,6190.0,1.346,1.088,-0.114,4.217
TOI-3235 b,2.59261842,0.02709,11.39953337,211.35589065,0.029,,604.0,3388.8,0.3697,0.3939,0.264,4.8976
TOI-3261 b,0.8831331,0.01714,3.82,30.3,0.0,1466.0,1722.0,5068.0,0.849,0.861,0.138,4.19
TOI-3288 b,1.4338647,0.02285,12.24020692,536.17652261,0.021,213.8,973.0,4072.0,0.672,0.643,0.65,4.592
TOI-329 b,5.70439,0.0638,4.94057819,40.4,0.39,,1213.02,5614.0,1.5326,1.0678,0.205,4.092
TOI-332 b,0.777038,0.0159,3.2,57.2,0.0,,1871.0,5251.0,0.87,0.88,0.256,4.46
TOI-3321 b,3.6525145,0.047,15.55806521,176.07693748,0.054,,1616.0,5850.0,1.549,1.041,-0.103,4.076
TOI-333 b,3.7852503,0.049,4.26,20.1,0.0,,1445.0,6241.0,1.1,1.2,0.01,4.41
TOI-3331 A b,2.0180231,0.03144,12.97999965,721.47048389,0.0,818.5,1488.0,5609.0,0.952,1.016,0.148,4.487
TOI-3353.01,4.6657965,0.060118218,2.6667555,,,313.0426,1264.36,6365.0,1.0207,1.332089,,4.54516
TOI-3362 b,18.09547,0.153,12.80065596,1598.3590588,0.815,,,6532.0,1.83,1.445,0.017,4.072
TOI-3364 b,5.8768918,0.0675,12.22899794,530.77343969,0.0,425.0,1264.0,5706.0,1.419,1.186,0.387,4.209
TOI-3457 b,32.600268,0.2001,10.64,797.74930157,0.59,,824.2,6300.0,1.474,1.04,0.28,4.28
TOI-3464 b,3.6515568,0.0515,13.7646283,397.28550875,0.25,1370.0,1693.0,6370.0,1.56,1.363,0.045,4.185
TOI-3474 b,3.8795105,0.0502,14.67255574,193.87532827,0.13,740.0,1451.0,6020.0,1.256,1.121,0.146,4.292
TOI-3486 b,2.21778105,0.03138,10.5700688,99.16246298,0.078,334.0,1190.0,4930.0,0.788,0.837,0.283,4.569
TOI-3493 b,8.1594667,,3.22,8.97,,245.0,1102.0,5844.0,1.228,1.023,0.03,4.25
TOI-3523 A b,2.30458952,0.03559,15.9727975,435.42491759,0.047,2590.0,1984.0,6450.0,1.448,1.131,-0.366,4.171
TOI-3540 A b,3.119999,0.04289,23.53885947,375.03752026,0.0,841.3,1498.0,5810.0,1.228,1.081,0.176,4.293
TOI-3568 b,4.417965,0.0485,5.3,26.4,0.035,,899.0,4969.0,0.719,0.78,-0.01,4.63
TOI-3593 b,3.8212867,0.0481,11.02963701,565.73456446,0.105,308.0,1170.0,5550.0,0.918,1.015,0.384,4.519
TOI-3629 b,3.936551,0.043,8.29464572,82.63538582,0.05,39.0,690.0,3870.0,0.6,0.63,0.4,4.67
TOI-3664 b,3.2974839,0.0431,13.69737442,114.41822652,0.159,,1232.0,5593.0,1.11,0.98,0.17,4.37
TOI-3682 b,3.3462406,0.048,12.80065596,69.28659273,0.22,1258.0,1657.0,5703.0,1.735,1.32,0.416,4.077
TOI-3688 A b,3.246075,0.0456,13.08088048,311.47183886,0.0,924.3,1534.0,5950.0,1.302,1.199,0.262,4.288
TOI-3693 b,9.088516,0.0813,12.59889431,324.18497514,0.0,68.6,801.0,5321.0,0.791,0.867,0.071,4.581
TOI-3714 b,2.154849,0.027,11.32107051,222.4798849,0.03,54.0,750.0,3660.0,0.51,0.53,0.1,4.75
TOI-375 b,9.45469,0.099,10.77183045,236.78216321,0.087,593.3,1373.0,5259.9,2.9,1.441,0.084,3.672
TOI-3757 b,3.438753,0.03845,12.0,85.3,0.14,55.4,759.0,3913.0,0.62,0.64,0.0,4.68
TOI-3785 b,4.6747373,0.043,5.14,14.95,0.11,19.1,582.0,3576.0,0.5,0.52,0.099,4.747
TOI-3807 b,2.8989727,0.0421,18.49481816,330.54154328,0.0,1230.0,1646.0,5772.0,1.468,1.181,0.278,4.174
TOI-3819 b,3.2443141,0.04611,13.13692538,352.78953177,0.0,1186.0,1633.0,5859.0,1.538,1.242,0.273,4.156
TOI-3837 b,11.88865,0.099,10.87271128,187.51876013,0.221,,1178.0,5905.0,1.2,0.89,-0.26,4.229
TOI-3856 b,2.04360352,0.0325,13.59649359,171.62733978,0.083,949.0,1544.0,5622.0,1.055,1.096,0.454,4.431
TOI-3862 b,1.55745774,0.02539,5.53,53.7,0.0232,,1539.0,5300.0,0.92,0.9,0.11,4.4
TOI-3877 b,4.123596,0.0529,11.67975789,99.7981198,0.22,729.0,1445.0,5731.0,1.445,1.16,0.269,4.181
TOI-3884 b,4.5445828,0.0361,6.43,32.59,0.06,6.29,441.0,3180.0,0.302,0.298,0.04,4.97
TOI-3894 b,4.33454,0.05354,15.27784069,260.61929374,0.05,,1531.0,6000.0,1.502,1.138,0.021,4.143
TOI-3912 b,3.4936264,0.0463,14.28024141,129.03833324,0.0,872.2,1512.0,5725.0,1.392,1.088,0.187,4.188
TOI-3919 b,7.433234,0.0795,12.31866979,1233.17421916,0.259,,1198.0,6100.0,1.319,1.208,0.175,4.279
TOI-3976 A b,6.607662,0.0743,12.27383387,55.61997123,0.0,469.0,1295.0,5975.0,1.501,1.254,0.182,4.183
TOI-3980 b,3.6089254,0.0494,14.4595851,187.51876013,0.16,1153.0,1621.0,5840.0,1.626,1.24,0.188,4.106
TOI-3984 A b,4.353326,0.041,7.9,44.0,0.23,16.7,563.0,3476.0,0.47,0.49,0.18,4.81
TOI-4010 b,1.348335,0.0229,3.02,11.0,0.03,714.0,1441.0,4960.0,0.83,0.88,0.37,4.54
TOI-4010 c,5.414654,0.058,5.93,20.31,0.03,112.0,907.0,4960.0,0.83,0.88,0.37,4.54
TOI-4010 d,14.70886,0.113,6.18,38.15,0.07,30.0,650.0,4960.0,0.83,0.88,0.37,4.54
TOI-4034 b,1.8020932,0.03289,17.71018951,276.51071409,0.0,,1907.0,5891.0,1.83,1.19,0.12,3.87
TOI-406 c,3.307441,0.0322,1.32,2.08,0.032,19.0,584.0,3392.0,0.41,0.408,-0.02,4.69
TOI-406.01,13.175682,0.0809,2.08,6.57,0.056,3.0,368.0,3392.0,0.41,0.408,-0.02,4.69
TOI-4087 b,3.1774835,0.04469,13.04725353,232.01473711,0.0,753.9,1458.0,6060.0,1.112,1.178,0.237,4.416
TOI-411 b,4.040295,0.05727,1.362,13.71,,495.139,1241.0,6169.0,1.117,1.098,-0.08,4.47
TOI-411 c,9.573083,0.1017,2.328,9.72,,156.75,931.0,6169.0,1.117,1.098,-0.08,4.47
TOI-4127 b,56.3987,0.303,12.07,743.71847238,0.7484,,556.0,6096.0,1.293,1.23,0.14,4.26
TOI-4137 b,3.8016122,0.05222,13.57407563,457.67290608,0.0,1013.0,1570.0,6202.0,1.438,1.313,0.182,4.24
TOI-4145 A b,4.0664428,0.04823,13.30506009,136.66621501,0.0,223.0,1074.0,5281.0,0.859,0.905,0.168,4.526
TOI-4153 b,4.6174141,0.06311,16.11851425,365.50266805,0.039,,1669.0,6860.0,1.605,1.572,0.317,4.224
TOI-4155 b,3.320729,,3.21,,,,1255.0,5724.0,0.95,1.16,0.11,4.44
TOI-4184 b,4.9019804,0.0336,2.43,,,4.8,412.0,3238.0,0.2347,0.2109,-0.27,5.01
TOI-4201 b,3.5819194,0.04,13.67495645,788.21444936,0.041,45.2,725.0,3794.0,0.63,0.61,0.52,4.64
TOI-421 b,5.197576,0.0554,2.64,6.7,0.13,,922.0,5291.0,0.866,0.833,-0.044,4.48
TOI-421 c,16.067541,0.117,5.09,14.1,0.19,,635.0,5291.0,0.866,0.833,-0.044,4.48
TOI-4214 b,3.4913885,0.05018,10.68215861,165.27077164,0.17,1210.0,1642.0,6370.0,1.434,1.382,0.294,4.266
TOI-431 b,0.490047,0.0113,1.28,3.07,0.0,,1862.0,4850.0,0.731,0.78,0.2,4.6
TOI-431 d,12.46103,0.098,3.29,9.9,0.0,,633.0,4850.0,0.731,0.78,0.2,4.6
TOI-4311 b,0.9902738,0.01817,1.376,4.5,,1273.0,1664.0,5063.0,0.8441,0.816,-0.065,4.442
TOI-4311 c,15.070425,0.1116,2.47,13.58,0.22,33.8,671.0,5063.0,0.8441,0.816,-0.065,4.442
TOI-4329 b,2.9223,,16.81347105,143.02278315,0.068,,,6000.0,2.31,1.538,0.29,3.9
TOI-4336 A b,16.336351,0.0849,2.137,3.33,0.0,1.53,309.4,3307.0,0.326,0.306,0.14,4.897
TOI-4342 b,5.5382592,0.0519,2.329,7.3,0.0,27.8,639.0,3866.0,0.598,0.587,0.26,4.652
TOI-4342 c,10.688662,0.0804,2.349,4.8,0.0,11.6,514.0,3866.0,0.598,0.587,0.26,4.652
TOI-4364 b,5.424019,0.04753,2.01,,0.29,,488.0,3528.0,0.4684,0.487,0.148,4.785
TOI-4377 b,4.378081,0.0579,15.10970598,304.1617855,0.045,,,4974.0,3.52,1.36,0.205,3.39
TOI-4379 b,3.25352,,16.69017226,353.74301699,0.018,,,6020.0,1.976,1.372,0.16,3.929
TOI-4406 b,30.08364,0.201,11.2089807,95.3485221,0.15,,904.0,6219.0,1.29,1.19,0.1,4.29
TOI-4438 b,7.44628,0.0534,2.52,5.4,0.14,6.0,435.0,3422.0,0.372,0.368,-0.19,4.68
TOI-444 b,17.9636,0.133,2.77,,,,609.0,5225.0,0.779,0.96,0.08,4.64
TOI-4443.01,1.8498567,0.029962645,1.7193265,,,1194.2104,1638.82,5834.0,1.01733,1.049133,,4.44433
TOI-4463 A b,2.8807198,0.04036,13.26022417,252.35575516,0.0,633.0,1395.0,5640.0,1.062,1.056,0.25,4.41
TOI-4465 b,101.94054,0.416,14.01122587,1872.00931723,0.24,,427.0,5545.0,1.014,0.93,-0.06,4.379
TOI-4479 b,1.1589,0.0164,2.82,,,92.5,861.0,3400.0,0.451,0.452,0.0,4.5
TOI-4487 A b,3.9540709,0.05448,14.60530185,397.28550875,0.083,1203.0,1639.0,6206.0,1.634,1.378,0.216,4.15
TOI-4495 b,2.56699,0.03957,2.483,7.7,0.078,,1735.0,6210.0,1.309,1.247,0.18,4.29
TOI-4495 c,5.18553,0.06323,4.03,23.2,0.023,,1365.0,6210.0,1.309,1.247,0.18,4.29
TOI-4504 b,2.42614,0.03392,2.691,,0.0,,,5315.0,0.92,0.89,0.16,4.458
TOI-4504 c,82.97213,0.3569,11.09689089,1197.32317485,0.032,,,5315.0,0.92,0.89,0.16,4.458
TOI-4507 b,104.61611,0.456,8.2,20.0,0.09,,,6260.0,1.04,1.11,-0.06,4.45
TOI-451 b,1.8587033,0.0274,1.84,4.7,0.0,786.0,1474.0,5490.0,0.85,0.93,0.02,4.53
TOI-451 c,9.192463,0.0795,2.93,3.7,0.0,93.0,865.0,5490.0,0.85,0.93,0.02,4.53
TOI-451 d,16.364962,0.1168,3.93,10.2,0.0,43.2,714.0,5490.0,0.85,0.93,0.02,4.53
TOI-4515 b,15.266446,0.118,12.17,637.0,0.461,,705.0,5433.0,0.86,0.949,0.05,4.48
TOI-4527.01,0.3994445,0.008332353,0.9086617,,,571.5072,1362.93,3702.0,0.485948,0.483901,,4.75
TOI-4529 b,5.879577,,1.77,4.9,,,511.0,3697.0,0.48,0.482,-0.24,4.61
TOI-4551 b,9.95581,0.0994,11.85910158,473.56432643,0.101,,,4896.0,3.55,1.31,0.23,3.48
TOI-4552 b,0.30110032,0.0056255,1.11,1.83,0.0,263.0,1122.0,3258.0,0.2869,0.2619,-0.07,4.94
TOI-4559 b,3.965991,0.0359,1.415,,,15.77,554.16,3558.0,0.374,0.392,-0.09,4.884
TOI-4582 b,31.034,,10.53644186,168.44905571,0.51,,,5190.0,2.5,1.34,0.17,3.77
TOI-4600 b,82.6869,0.349,6.8,959.84178914,0.25,,347.0,5170.0,0.81,0.89,0.16,4.57
TOI-4600 c,482.8191,1.152,9.42,2946.26933289,0.21,,191.0,5170.0,0.81,0.89,0.16,4.57
TOI-4602.01,3.9812999,0.04747,2.45,5.53,0.0,664.0,1344.0,5966.0,1.08,0.9,-0.26,4.34
TOI-4603 b,7.24599,0.0888,11.67975789,4096.80816623,0.325,1192.0,1677.0,6264.0,2.738,1.765,0.342,3.81
TOI-4633 c,271.9445,0.847,3.2,123.0,0.117,1.56,,5800.0,1.05,1.1,,
TOI-4641 b,22.09341,0.173,8.18255591,1229.99593509,0.074,,,6560.0,1.72,1.41,-0.09,4.11
TOI-4666 b,2.9089165,0.034,12.53164042,155.41809102,0.023,55.6,695.0,3793.0,0.585,0.576,0.79,4.664
TOI-469.01,13.6308205,0.111,3.41,9.1,,74.7,716.0,5289.0,0.98,0.901,0.24,4.39
TOI-470 b,12.19148,0.119,4.34,,,,660.0,5190.0,0.831,0.87,0.1,4.54
TOI-4734 b,6.235633,0.074,10.9175472,61.65871096,0.12,775.0,1468.0,6070.0,1.857,1.391,0.288,4.046
TOI-4773 b,1.7452851,0.03216,15.22179579,1687.66884117,0.024,,2255.0,6740.0,1.55,1.452,0.11,4.22
TOI-4791 b,4.28088,0.0555,12.44196858,734.18362017,0.0,783.2,1472.0,6058.0,1.409,1.242,0.207,4.234
TOI-4794 b,3.5658116,0.0492,14.35870428,308.29355479,0.1,1310.0,1673.0,6390.0,1.451,1.25,-0.102,4.215
TOI-480 b,6.866196,0.077,2.85372018,20.8,0.0,,1198.94,6174.0,1.4877,1.2793,0.164,4.194
TOI-481 b,10.33111,0.097,11.09691,486.2799,0.153,,1370.0,5735.0,1.66,1.14,0.26,4.06
TOI-4860 b,1.5227591,0.01808,8.7,86.7,0.008,42.5,694.0,3260.0,0.358,0.34,0.27,4.86
TOI-4914 b,10.60057,0.098,12.87,227.0,0.408,,894.0,5805.0,1.0,1.03,-0.13,4.3
TOI-4940 b,25.867811,0.165,6.61,89.0,,,643.0,5504.0,1.163,1.012,0.326,4.232
TOI-4961 b,7.479182,0.0726,12.34108775,572.0911326,0.182,115.0,919.0,5380.0,0.912,0.912,0.206,4.479
TOI-4994 b,21.491984,0.1515,8.54124329,88.99195396,0.319,40.0,717.6,5640.0,1.055,1.005,0.165,4.393
TOI-500 b,0.548177,0.01189,1.166,1.42,0.063,1138.0,1617.0,4440.0,0.678,0.74,0.12,4.618
TOI-5005 b,6.3085044,0.06614,6.25,32.7,,226.0,1040.0,5749.0,0.93,0.97,0.15,4.43
TOI-5007 b,2.543371,0.0307,11.07447293,211.03806225,0.074,85.3,774.0,3793.0,0.656,0.632,0.43,4.604
TOI-5027 b,10.24368,0.093,10.76062147,642.01338214,0.385,,1056.0,5909.0,0.92,1.02,-0.15,4.517
TOI-5076 b,23.443162,0.1481,3.48935569,16.14568308,0.0,,550.0,4780.0,0.844,0.789,0.082,4.483
TOI-5082.01,4.240122,0.051204842,2.54811,,,254.588,1164.91,5670.0,0.93,0.99665,,4.5
TOI-5108 b,6.753581,0.073,6.6,32.0,,,1180.0,5808.0,1.29,1.1,0.2,4.26
TOI-5110 b,30.158577,0.2157,11.98240037,921.7023803,0.745,,976.0,6160.0,2.333,1.469,0.065,3.869
TOI-512 b,7.18886,,1.54,3.57,0.02,127.0,1009.0,5277.0,0.89,0.74,-0.11,4.35
TOI-5126 b,5.4588385,0.06519,4.74,,0.0,467.0,1442.0,6150.0,1.241,1.24,0.18,4.224
TOI-5126 c,17.8999,0.1439,3.86,,0.0,96.0,971.0,6150.0,1.241,1.24,0.18,4.224
TOI-5143 c,5.2097118,0.05602,16.25302201,,,,,5183.0,0.852,0.864,0.107,4.514
TOI-5153 b,20.33003,0.158,11.88151954,1036.12060682,0.091,,906.0,6300.0,1.4,1.24,0.12,4.3
TOI-5181 A b,3.8922295,0.0522,13.34989601,330.54154328,0.15,1053.0,1585.0,6060.0,1.53,1.25,0.208,4.163
TOI-519 b,1.2652328,0.0159,11.54525012,147.15455244,0.33,,687.0,3322.0,0.35,0.335,0.27,4.87
TOI-5205 b,1.630757,0.0199,11.6,343.0,0.02,49.0,737.0,3430.0,0.394,0.392,0.0,4.84
TOI-521 b,1.54285047,0.0195,1.98,5.3,0.0,66.0,794.0,3544.0,0.421,0.42,-0.12,4.97
TOI-5210 b,4.5661061,0.0557,10.72699453,81.99972901,0.066,456.0,1286.0,5723.0,1.209,1.105,0.324,4.319
TOI-5218 b,4.291452,0.0469,9.86,657.0,0.0,62.0,783.0,4230.0,0.708,0.739,0.41,4.63
TOI-5232 b,4.0966692,0.05593,12.778238,743.71847238,0.035,,1772.0,6500.0,1.785,1.389,-0.104,4.077
TOI-5261 b,4.1509768,0.05134,11.60129502,3651.84839643,0.1585,,1244.0,5790.0,1.021,1.037,0.254,4.436
TOI-5292 A b,2.02191,0.0279,12.64373023,412.85910069,0.034,102.0,809.0,3919.0,0.611,0.596,0.33,4.642
TOI-5293 A b,2.930289,0.034,11.9,170.4,0.38,34.6,675.0,3586.0,0.52,0.54,-0.03,4.77
TOI-530 b,6.387597,0.052,9.30345398,127.1313628,0.0,,565.0,3659.0,0.54,0.53,0.376,4.7
TOI-5300 b,2.262196,0.0295,9.86390302,190.6970442,0.0,198.0,1043.0,4610.0,0.65,0.67,-0.17,4.64
TOI-5301 b,5.858858,0.073,13.09208946,1182.32167404,0.33,,1648.0,6240.0,2.19,1.483,0.03,3.926
TOI-5319 b,4.07853,0.0506,2.83,,,,695.0,3580.0,0.485,0.5,,4.5
TOI-532 b,2.3266508,0.0296,5.82,61.5,0.0,94.1,867.0,3927.0,0.612,0.639,0.338,4.669
TOI-5322 b,5.4233207,0.0604,16.6117094,184.02264765,0.055,554.0,1350.0,5692.0,1.462,0.998,-0.048,4.11
TOI-5340 b,4.9394392,0.0628,15.07607904,270.15414595,0.13,1004.0,1566.0,5990.0,1.842,1.35,0.208,4.036
TOI-5344 b,3.792622,0.04041,10.60369574,130.94530368,0.054,38.0,689.0,3747.0,0.588,0.612,0.425,4.686
TOI-5349 b,3.317921,0.0369,10.2,127.4,0.03,44.5,719.0,3751.0,0.58,0.61,0.5,4.72
TOI-5350 b,7.581367,0.0796,12.41955062,2094.48920213,0.0165,,1195.0,6220.0,1.263,1.167,0.044,4.304
TOI-5386 A b,3.62156552,0.04856,14.70618268,155.10026262,0.072,817.0,1488.0,6094.0,1.245,1.165,0.182,4.314
TOI-5388.01,2.5946748,,0.99,2.2,,,488.0,3440.0,0.3,0.292,-0.36,4.99
TOI-5398 b,10.590547,0.098,10.3,58.7,0.13,,947.0,6000.0,1.051,1.146,0.09,4.44
TOI-5398 c,4.77271,0.057,3.52,11.8,0.14,,1242.0,6000.0,1.051,1.146,0.09,4.44
TOI-540 b,1.2391491,0.01223,0.903,,0.0,23.4,611.0,3216.0,0.1895,0.159,,
TOI-5422 b,5.377219,0.0619,9.10169233,8899.195396,0.094,580.0,1369.0,5820.0,1.474,1.066,-0.012,4.135
TOI-544 b,1.548352,0.0225,2.018,2.89,0.0,,999.0,4169.0,0.623,0.631,-0.17,4.68
TOI-5542 b,75.12375,0.332,11.30986153,419.53349724,0.018,9.6,441.0,5700.0,1.058,0.89,-0.21,4.2
TOI-5573 b,8.79758977,0.0712,9.75,112.0,0.072,12.92,528.0,3790.0,0.594,0.619,0.42,4.68
TOI-558 b,14.574071,0.1291,12.17295304,1147.36054927,0.298,,1061.0,6466.0,1.496,1.349,-0.004,4.218
TOI-559 b,6.9839095,0.0723,12.22899794,1910.14872607,0.151,,1180.0,5925.0,1.233,1.026,-0.069,4.268
TOI-5592 b,2.6085846,0.03935,17.14974047,285.72773789,0.062,1712.0,1789.0,6237.0,1.393,1.194,-0.013,4.226
TOI-561 b,0.4465697,0.01064,1.397,2.02,0.0,4709.0,2319.0,,0.843,0.806,,
TOI-561 c,10.778838,0.0889,2.865,5.93,0.023,67.5,802.0,,0.843,0.806,,
TOI-561 d,25.71268,0.1587,2.615,13.33,0.111,21.2,600.0,,0.843,0.806,,
TOI-561 e,77.144,0.33,2.517,12.4,0.074,4.89,416.0,,0.843,0.806,,
TOI-5616 b,2.002849,0.0272,10.78,624.0,0.0,137.0,939.0,3996.0,0.646,0.666,0.14,4.67
TOI-5624 b,3.3903473,0.04201,2.314,9.4,0.0,,1136.0,5327.0,0.82,0.858,-0.023,4.49
TOI-5624 c,7.885385,0.07374,2.474,4.8,0.0,,857.0,5327.0,0.82,0.858,-0.023,4.49
TOI-5624 d,13.731468,0.1067,3.584,4.9,0.0,,712.6,5327.0,0.82,0.858,-0.023,4.49
TOI-5624 e,21.489936,0.1439,3.247,8.9,0.0,,613.8,5327.0,0.82,0.858,-0.023,4.49
TOI-5634 A b,2.2035373,0.0272,10.42,588.0,0.0,77.0,837.0,3896.0,0.54,0.556,-0.27,4.73
TOI-564 b,1.651144,0.02734,11.43318,464.98529,0.072,1423.0,1714.0,5640.0,1.088,0.998,0.143,4.364
TOI-5678 b,47.73022,0.249,4.91,20.0,0.14,,513.0,5485.0,0.938,0.905,0.0,4.34
TOI-5688 A b,2.94815527,0.03379,10.3,124.0,0.128,50.3,742.0,3713.0,0.57,0.6,0.47,4.69
TOI-5704 b,3.771116,,3.2274,,,,949.07,4590.0,0.7575,0.73,0.428,4.543
TOI-5713 b,10.441989,0.06008,1.77,,0.24,2.2554,347.2,3225.0,0.2992,0.2653,-0.03,4.91
TOI-5720 b,1.4344555,0.018288,1.09,4.3,,41.7,708.0,3325.0,0.383,0.383,0.03,5.01
TOI-5734 b,6.1841876,0.05921,2.1,9.1,,,688.0,4750.0,0.639,0.724,-0.13,4.66
TOI-5786 b,12.779107,0.114,8.54,73.0,,,1040.0,6235.0,1.36,1.23,0.08,4.26
TOI-5788 b,6.340758,0.064,1.528,3.72,0.061,175.1,910.0,5615.0,0.87,0.87,-0.32,4.42
TOI-5788 c,16.213362,0.1197,2.272,6.4,0.046,49.8,667.0,5615.0,0.87,0.87,-0.32,4.42
TOI-5789 c,12.927748,0.1009,2.86,5.0,0.067,,718.0,5185.0,0.833,0.821,-0.12,4.511
TOI-5795 b,6.1406325,0.064,5.62,23.66,0.25,,1136.78,5715.0,1.082,0.901,-0.27,4.32
TOI-5799 b,4.164507,0.0348,1.733,,,,505.0,3452.0,0.321,0.325,0.01,4.936
TOI-5799 c,14.010449,0.0782,1.76,,,,337.0,3452.0,0.321,0.325,0.01,4.936
TOI-5800 b,2.6278838,0.0344,2.46,9.5,0.3,,1108.0,4850.0,0.773,0.778,-0.04,4.56
TOI-5817 b,15.61031,0.1223,3.08,10.3,0.2,,950.0,5770.0,1.427,0.97,-0.24,4.12
TOI-5882 b,7.148972,0.0804,11.46678726,6995.40323807,0.0339,,1515.0,5920.0,2.26,1.334,0.18,3.856
TOI-5916 b,2.367128,0.0262,11.35469745,226.61165419,0.09,51.7,683.0,3613.0,0.48,0.477,0.09,4.755
TOI-5938 b,2.260424,0.0308,3.82,,,,1077.0,4650.0,0.712,0.744,0.07,4.59
TOI-6002 b,10.904821,0.05722,1.65,,0.15,1.6823,321.4,3229.0,0.2432,0.2101,-0.18,4.989
TOI-6008 b,0.8574347,0.010777,1.03,4.0,,41.5,707.0,3075.0,0.242,0.23,0.3,5.01
TOI-6016 b,4.023687,0.055,13.67495645,371.85923619,0.0,940.0,1890.0,6110.0,1.51,1.31,0.28,4.19
TOI-6019 b,14.547952,0.1212,12.3,149.0,0.48,,1095.0,5561.0,2.02,1.13,0.04,4.0
TOI-6029 b,5.7987,,14.39233122,519.64944544,0.091,,,6223.0,2.338,1.548,0.37,3.886
TOI-6034 b,2.576184,0.02949,11.92,254.0,0.04,43.0,714.0,3635.0,0.489,0.514,-0.09,4.77
TOI-6038 A b,5.8267311,0.069,6.41,78.5,,716.0,1439.0,6110.0,1.648,1.291,0.124,4.118
TOI-6041 b,26.04945,0.1651,4.55,28.9,,22.4,605.6,5445.0,0.879,0.885,0.104,4.498
TOI-6054.01,7.501428,0.0763,2.64,12.5,0.164,570.0,1360.0,6047.0,1.662,1.107,-0.07,4.1
TOI-6054.02,12.563636,0.1079,2.82,9.3,0.332,285.0,1143.0,6047.0,1.662,1.107,-0.07,4.1
TOI-6086 b,1.3888725,0.01541,1.18,,,26.8,634.0,3200.0,0.259,0.254,0.11,5.01
TOI-6130 b,2.392679,0.036,14.3474953,333.71982735,0.036,1150.0,1750.0,6110.0,1.51,1.31,0.28,4.19
TOI-615 b,4.6615983,0.0678,18.97680433,138.25535705,0.39,1286.0,1666.0,6850.0,1.732,1.449,-0.1,4.2
TOI-620 b,5.0988179,0.04825,3.76,,0.22,20.8,603.6,3708.0,0.55,0.577,0.35,4.718
TOI-622 b,6.402513,0.0708,9.2362001,96.30200732,0.42,602.0,1388.0,6400.0,1.415,1.313,0.09,4.2
TOI-6223 b,3.855219,0.04018,5.07,,,,714.0,3895.0,0.576,0.582,-0.12,4.682
TOI-6255 b,0.23818244,,1.079,1.44,0.0,,,3421.0,0.37,0.353,-0.14,4.85
TOI-628 b,3.4095675,0.0486,11.88154,2011.8639,0.072,,1586.0,6250.0,1.345,1.311,0.258,4.3
TOI-6303 b,9.485236,0.0761,11.59,2493.0,0.02,14.28,541.0,3977.0,0.609,0.644,0.44,4.67
TOI-6324 b,0.279221,,1.059,1.17,0.0,,1216.0,3247.0,0.293,0.269,-0.32,4.93
TOI-6330 b,6.8500246,0.05763,10.89,3179.0,0.34,9.97,495.0,3539.0,0.49,0.531,0.08,4.77
TOI-6383 A b,1.79058695,0.02292,11.29,331.0,0.05,51.3,745.0,3444.0,0.457,0.458,,4.81
TOI-640 b,5.003777,,19.2794468,181.16219199,0.013,,1816.0,6460.0,2.082,1.536,0.072,3.987
TOI-6420 b,6.961508,0.0753,11.93756445,2606.1929374,0.078,,1213.0,6020.0,1.312,1.165,0.24,4.268
TOI-6448 b,14.844261,0.131,8.47398941,,0.2,,745.0,5910.0,0.897,1.03,,
TOI-6478 b,34.005019,0.1136,4.6,,,,204.4,3230.0,0.234,0.23,-0.53,5.016
TOI-654.01,1.527561,0.01944,2.378,8.71,0.0,65.0,794.0,3521.0,0.43,0.419,0.12,4.793
TOI-6564 b,3.985413,0.0542,16.39873876,222.16205649,0.0,,1445.0,5943.0,1.7,1.18,0.19,4.04
TOI-6628 b,18.18424,0.134,10.98480109,235.19302118,0.67,,833.0,5463.0,1.01,0.97,0.36,4.416
TOI-663 b,2.598902,0.0295,2.27,4.45,,49.1,674.0,3681.0,0.512,0.514,0.07,4.7266
TOI-663 c,4.6955507,0.0437,2.26,3.65,,22.3,553.0,3681.0,0.512,0.514,0.07,4.7266
TOI-663 d,7.1027268,0.0576,1.92,5.2,,12.9,482.0,3681.0,0.512,0.514,0.07,4.7266
TOI-6651 b,5.056973,0.0633,5.09,61.0,0.091,817.0,1493.0,5940.0,1.721,1.323,0.225,4.087
TOI-669 b,3.945152,0.048,2.58606487,10.0,0.0,,1124.85,5597.0,0.9882,0.9245,0.001,4.412
TOI-6692 b,131.125,0.512,11.67975789,197.05361234,0.537,,467.0,5890.0,1.385,1.047,-0.008,4.176
TOI-6695 b,80.389,0.402,9.52763359,66.74396547,0.04,,599.0,6400.0,1.517,1.338,0.2,4.202
TOI-6716 b,4.7185898,0.0319,0.982,,0.88,4.4,369.0,3110.0,0.231,0.223,0.0,5.06
TOI-672 b,3.633581,0.0376,5.31,50.9,0.0,39.8,699.5,3810.0,0.54,0.54,-0.14,4.7
TOI-674 b,1.977143,0.025,5.25,23.6,0.0,38.4,635.0,3514.0,0.42,0.42,0.17,4.81
TOI-677 b,11.2365985,0.1041,13.11450742,392.20025424,0.46,,,6295.0,1.28,1.181,0.0,4.291
TOI-6884 b,4.808264,0.0629,10.39072511,8365.24367224,0.067,1230.0,1652.0,6330.0,1.84,1.41,0.094,4.057
TOI-6894 b,3.37077196,0.02604,9.5836785,53.39517238,0.029,5.54,417.9,3007.0,0.2276,0.207,0.142,5.039
TOI-700 b,9.977219,0.0677,0.914,,0.075,4.98,,3459.0,0.421,0.415,-0.07,4.809
TOI-700 c,16.051137,0.0929,2.6,,0.068,2.64,,3459.0,0.421,0.415,-0.07,4.809
TOI-700 d,37.42396,0.1633,1.073,,0.042,0.85,,3459.0,0.421,0.415,-0.07,4.809
TOI-700 e,27.80978,0.134,0.953,,0.059,1.27,,3459.0,0.421,0.415,-0.07,4.809
TOI-7009 b,2.3206612,0.0287,3.71,,,,872.0,4080.0,0.564,0.583,-0.11,4.63
TOI-7041 b,9.691,,11.43316031,114.41822652,0.04,,,4700.0,4.1,1.07,0.25,3.244
TOI-707 b,52.79918,0.275,2.416,,,,491.7,5424.0,0.978,0.99,0.16,4.39
TOI-712 b,9.531361,0.07928,2.049,,0.54,22.6,650.0,4622.0,0.674,0.732,-0.02,4.645
TOI-712 c,51.69906,0.2447,2.701,,0.089,3.08,369.9,4622.0,0.674,0.732,-0.02,4.645
TOI-712 d,84.8396,0.3405,2.474,,0.073,1.6,313.6,4622.0,0.674,0.732,-0.02,4.645
TOI-7149 b,2.65206166,0.02603,13.2,224.0,0.078,20.6,593.0,3363.0,0.351,0.344,-0.08,4.88
TOI-715 b,19.288004,0.083,1.55,,,0.67,234.0,3075.0,0.24,0.225,-0.25,5.0
TOI-7166 b,12.92063621,0.06191,2.01,,0.0,1.07,249.0,3099.0,0.222,0.19,-0.2,5.02
TOI-733 b,4.884765,0.0618,1.992,5.72,0.046,207.1,1055.8,5585.0,0.949,0.956,-0.04,4.47
TOI-7384 b,6.2340258,0.0439,3.56,,0.4,4.9,378.0,3185.0,0.319,0.318,0.0,4.93
TOI-7510 b,11.530869,0.1019,7.31,18.1,0.0572,,878.0,5720.0,1.035,1.063,0.25,4.439
TOI-7510 c,22.5687423,0.1595,10.81,131.0,0.0091,,702.0,5720.0,1.035,1.063,0.25,4.439
TOI-7510 d,48.864468,0.2672,10.52,190.0,0.04,,542.4,5720.0,1.035,1.063,0.25,4.439
TOI-756 b,1.2392495,0.018,2.81,9.83,0.0,127.0,934.0,3657.0,0.505,0.505,0.196,4.735
TOI-757 b,17.46819,0.122,2.5,10.5,0.39,,641.0,5278.0,0.78,0.8,-0.27,4.5
TOI-762 A b,3.4716826,0.03418,8.33948164,79.77493016,0.083,,555.4,3266.0,0.425,0.442,0.357,4.827
TOI-763 b,5.6057,0.06,2.28,9.79,0.04,,1038.0,5450.0,0.897,0.917,0.01,4.45
TOI-763 c,12.2737,0.1011,2.63,9.32,0.04,,800.0,5450.0,0.897,0.917,0.01,4.45
TOI-771 b,2.3260155,0.0208,1.36,2.47,0.055,14.0,543.0,3370.0,0.232,0.22,-0.13,4.8
TOI-776 b,8.24662,0.0653,1.798,5.0,0.052,,520.0,3725.0,0.547,0.542,-0.21,4.8
TOI-776 c,15.665323,0.1001,2.047,6.9,0.089,,420.0,3725.0,0.547,0.542,-0.21,4.8
TOI-778 b,4.633611,0.06,15.4,878.0,0.21,,1561.0,6643.0,1.71,1.4,0.0,4.05
TOI-782 b,8.0240015,0.0578,2.734,19.1,0.19,5.91,435.0,3370.0,0.413,0.397,0.34,4.804
TOI-784 b,2.7970365,0.038,1.93,9.67,0.0,,,5558.0,0.907,0.91,-0.13,4.48
TOI-791 b,139.29931,0.602,11.13051784,9.5,0.032,8.47,434.3,6294.0,1.474,1.28,-0.14,3.71
TOI-791 c,232.0157,0.863,12.94637271,18.6,0.028,4.12,362.8,6294.0,1.474,1.28,-0.14,3.71
TOI-813 b,83.8911,0.423,6.71,,0.0,23.1,610.0,5907.0,1.94,1.32,0.1,3.86
TOI-815 b,11.197259,0.0903,2.94,7.6,0.2,36.9,686.0,4869.0,0.77,0.776,-0.09,4.51
TOI-815 c,34.976145,0.193,2.62,23.5,0.22,8.03,469.0,4869.0,0.77,0.776,-0.09,4.51
TOI-824 b,1.392978,0.02177,2.926,18.467,,412.0,1253.0,4600.0,0.695,0.71,-0.092,4.605
TOI-833 b,1.0418777,0.0171,1.27,,,,1118.0,3920.0,0.6,0.61,,4.67
TOI-836 b,3.81673,0.0422,1.704,4.53,0.053,78.838,871.0,4552.0,0.665,0.678,-0.284,4.743
TOI-836.01,8.59545,0.075,2.587,9.6,0.078,26.707,665.0,4552.0,0.665,0.678,-0.284,4.743
TOI-837 b,8.3249113,0.0888,9.16894621,120.45696625,,164.0,995.3,5995.0,1.052,1.142,0.01,4.453
TOI-849 b,0.765548,0.0155,3.64,41.8,0.0,,,5257.0,0.97,0.97,,
TOI-858 B b,3.2797178,0.04435,14.06727078,349.6112477,0.15,908.9,1529.0,5842.0,1.308,1.081,0.153,4.238
TOI-871 b,14.362565,0.1054,1.664,,,24.78,621.0,4929.0,0.719,0.758,-0.07,4.604
TOI-880 c,6.3872703,0.0635,4.95,,,,805.0,5050.0,0.83,0.87,0.23,4.53
TOI-880.02,2.57571,0.0349,2.19,,,,1085.0,5050.0,0.83,0.87,0.23,4.53
TOI-892 b,10.62656,0.092,11.99363,301.9385,0.125,,1397.0,6261.0,1.39,1.28,0.24,4.26
TOI-904 b,10.8772,0.056,2.426,,,,429.43,3770.2,0.527,0.557,0.022,
TOI-904 c,83.9997,0.312,2.167,,,,217.26,3770.2,0.527,0.557,0.022,
TOI-905 b,3.739494,0.04666,13.125739,211.99261,0.024,337.0,1192.0,5570.0,0.918,0.968,0.14,4.498
TOI-907.01,4.5849129,0.055225481,9.6158851,,,1729.6714,1846.6,6272.0,2.059789,1.069357,,3.8399
TOI-908 b,3.183792,0.041657,3.186,16.137,0.132,80.884,1317.0,5626.0,1.028,0.95,0.08,4.45
TOI-912 b,4.6780691,0.041,1.93,5.1,0.58,15.0,551.0,3572.0,0.419,0.418,-0.19,4.98
TOI-913 b,11.098644,,2.4528,,,,712.01,4969.0,0.7325,0.82,-0.133,4.622
TOI-954 b,3.6849729,0.04963,9.550068,55.30242,0.14,1393.0,1526.0,5710.0,1.892,1.201,0.215,3.962
TOI-969 b,1.8237305,0.02636,2.765,9.1,,188.0,941.0,4435.0,0.671,0.734,0.175,4.55
WASP-132 c,1.01153624,0.01833,1.841,6.26,0.0,791.0,1329.0,4686.0,0.758,0.789,0.15,4.56
WD 1856+534 b,1.4079405,0.0204,10.4,4386.054,0.0,0.181,163.0,4710.0,0.0131,0.518,,7.915
Wolf 327 b,0.5734745,0.01,1.24,2.53,0.0,233.9,996.0,3542.0,0.406,0.405,-0.17,4.87
