pl_name,PC1,PC2,PC3,PC4
AU Mic b,-0.3739500735237739,0.6303948687305394,-0.10573375036173155,-0.09896409774926972
AU Mic c,0.6118085869428115,1.1055428704724044,0.4138143236219283,-0.21405209330388367
BD+05 4868 A b,-1.836488192909768,-0.24454783559903057,-0.4700415341869341,-0.4938831133840919
BD-14 3065 b,0.4820233322702784,-3.167789258820194,-0.3375704289812073,-1.5675462904015154
DS Tuc A b,-0.07175222902870688,-0.14411120747974349,-0.6395847603938658,-0.11550648180540236
GJ 1252 b,-2.4267556441283427,1.1598987518188588,-0.28604538429365833,0.3840311427661979
GJ 143 b,1.5713826885069804,1.5839327774104557,0.2443480249621039,-0.06754936234750505
GJ 238 b,-2.0255379162992693,1.3757399556970171,-0.2311363885464236,0.5193329263806705
GJ 3090 b,-1.2085575337677945,1.0185888606646807,1.2243453654675462,0.14319957067724245
GJ 341 b,-1.0780705451831107,1.7890093873310577,-0.5366774055978097,-0.5147016487633657
GJ 3473 b,-2.2049258662814277,1.380248057716833,-0.2724995457493851,0.4545265211544038
GJ 357 b,-1.5908587484292336,2.158486639609545,0.226746978132263,-0.24351541963037215
GJ 367 b,-2.5328341746799454,0.9634691570452998,-0.427679888041971,-0.42243640009812794
GJ 3929 b,-1.97636428730409,1.9608650070576266,-0.3128503155893796,0.1175463540939069
GJ 806 b,-2.3534198040307577,1.5843455230247108,-0.3253855164837345,-0.7498112238467571
Gliese 12 b,-1.121812624349366,3.1989051268455584,1.0974914667916964,-0.6290381048223157
HD 101581 b,-1.2008546671428608,1.102366781246802,-0.48551211788309084,-1.3566745195006247
HD 101581 c,-0.9450107451771877,1.2575220277582717,-0.4579983900525549,-1.351310498556161
HD 108236 b,-0.9615484190925102,0.042165618596301344,-0.46078072845814233,-1.4272212022470399
HD 108236 c,-0.605621681923252,0.24970518015204882,-0.5661589997522364,-1.3513320551623087
HD 108236 e,0.7451643498078645,0.864653474908408,-0.5919122099411187,-1.1490332915323072
HD 109833 b,0.3418855943704913,-0.09268608524212509,0.3124906245990818,-0.7839790227772779
HD 109833 c,0.8166881102969621,0.042303364915941666,1.0491140085594632,-0.8638134643320065
HD 110082 b,0.8240380486806917,-0.8623561709357622,0.34718474532328797,-0.5403289441378435
HD 110113 b,-1.0146092982874022,-0.7571992679337647,-0.023550520975240637,-0.20651867786494274
HD 1397 b,1.4253497414276513,-2.3159908825397304,0.7774527221425827,0.04108843331368243
HD 152843 b,0.553389492125719,-0.6943942984314165,-0.7003900619773133,-1.2469048816608181
HD 152843 c,1.298209691827777,-0.47511027421236945,-0.6299681214489029,-1.123410816837034
HD 15337 b,-0.6855323528432334,0.09035180371697357,-0.27911903269862565,-0.32879402115443823
HD 15337 c,0.46774766626940883,0.6908560568894065,-0.1976155792465279,-0.25088397870838725
HD 15906 b,-0.027653659088123506,0.7458974364158364,-0.01629945447185849,-0.29266317318268575
HD 15906 c,0.7212301652432819,1.0586000276803609,-0.5822261748765476,-0.06696347269942522
HD 183579 b,0.7845695999172487,0.3000974776569397,-0.49083765551402436,-0.40873698822871635
HD 18599 b,-0.44448154121342953,0.02513397674540805,1.6034560313679052,-0.5481561994443467
HD 191939 b,-0.13485573379252702,0.08091462540987263,-0.5728268792519742,-0.8767159551902236
HD 191939 c,1.3352667615618625,0.8187828949801769,-0.8679512993951071,-0.795491473898783
HD 191939 d,1.8056718519030897,1.0923919108656654,-1.045413380606592,-0.8347847165378013
HD 202772 A b,0.1717139546126614,-3.811089348349022,-0.48525349070431956,0.016922282236674514
HD 20329 b,-1.6427653114986658,-1.355638199842246,-0.6754224447491702,-0.8981027385693813
HD 207496 b,-0.32664334269912615,0.42984442844395815,0.8695252287048795,-0.1920969601708714
HD 207897 b,0.2921225284511325,0.9018426590102491,-0.7645862233550939,-0.19598490703482824
HD 213885 b,-1.5045173820127358,-1.5204991155276526,-0.6877791053008646,-0.8421334335545358
HD 21520 b,1.3290627443624135,0.3526383262672785,-1.01434498249552,-0.1276959013911531
HD 21749 c,-0.41262384903287436,0.9670893139384414,0.5469003292940076,-0.4605429864186906
HD 219666 b,-0.3082578845310958,-0.5837109649986928,-0.3158739699352541,-0.1575216625620627
HD 221416 b,1.4840793793370786,-2.3019251515640877,-0.34160123513332036,-1.2711170292182834
HD 22946 d,2.9361220981907716,0.9518087676758541,-0.9775179607525363,-0.46652403583634494
HD 23472 b,0.30294486967204903,1.3368849419332558,-0.3635118939733891,-0.8234846112351035
HD 23472 c,0.9796828825431108,1.6994763733238238,-0.6141015355560328,-0.8362040674091595
HD 23472 d,-1.1597548839595722,0.7697910666153084,-0.25681491975997034,-1.1752918456006323
HD 23472 e,-0.6310390352593018,1.0897745113153938,-0.3271482566190804,-1.123499042554113
HD 23472 f,-0.20781219592814726,1.2817753107758625,-0.389227712645115,-1.0620337616129045
HD 235088 b,-0.5592014468902639,0.4820463877133147,-0.6804352752834466,-0.3571980566587105
HD 25463 b,-0.004437770857945351,-1.0831405455765832,-0.8673846567341212,-0.8102573093674851
HD 25463 c,-0.7074169572569561,-1.4398476603911512,-0.8318350627874556,-0.9995596960093248
HD 260655 b,-1.9586678033332146,2.24983426836205,-0.19465643395919963,-1.1206883324381334
HD 260655 c,-1.5037071535511257,2.506615164625835,-0.2376204749612752,-1.0486389640055127
HD 2685 b,0.013678318086788752,-2.573088398039526,-0.06723791562937101,-0.37580083423267086
HD 28109 b,1.2877225704534612,-0.4715875124396959,-1.0506656059198918,-0.34499936777208723
HD 28109 c,2.7866772971720946,0.08320372802433419,-1.3648303507498731,-0.1280141882701607
HD 28109 d,3.1073492763441988,0.3829940307865813,-1.4347039059289832,-0.1835880421153844
HD 332231 b,1.1758168237103601,-0.5444150717297276,-0.8662305042236984,-0.03269813656320228
HD 35843 c,2.4301508932837135,1.436994332615124,-0.36233522462984663,-1.1575224508425335
HD 5278 b,0.621108376928607,-0.00906200311603908,-0.46269230561048424,-0.9295548329555408
HD 56414 b,3.8142713001613022,-1.5982036117666627,2.9322644648403013,-1.416413351422447
HD 6061 b,-0.5570458533737276,-0.3666580202678331,-0.7062509238295765,-0.6141478133623839
HD 63433 b,-0.4628690368917821,0.03732701861722759,-0.29904765117565235,-0.5565797380350145
HD 63433 c,0.8509046324561818,0.696633072433059,-0.33003550869964643,-0.48861284423137324
HD 63433 d,-0.6173525486788721,-0.14929241318209804,0.3613421079081811,-0.5433006009861981
HD 63935 b,-0.1340608051627528,-0.005711393689047443,-0.6842054703392793,0.021188716768145318
HD 73583 b,-0.6674860006113843,0.7916204273781894,0.04744777140677965,-0.1228067036700927
HD 73583 c,0.4142022370157114,1.3766363187517614,-0.23488062737014276,-0.06555372263939917
HD 77946 b,0.20598027008305764,-1.036539928164212,0.5938138547529941,-0.17143688065918178
HD 86226 c,-0.6612417327590258,-0.6236252909015924,-0.2128954702225521,-0.5760140692476736
HD 93963 A b,-1.5313397164971387,-1.2492166402558509,-0.644895281499696,-0.3722147517729567
HD 93963 A c,-0.7615010666416517,-0.804164944360726,-0.5894930725987683,-0.05374559700019731
HIP 113103 b,-0.3684014329817432,0.8160702527488632,0.42543892022173047,-0.6871321769737668
HIP 113103 c,0.28214837149171457,1.0765931200825196,0.33117502689974365,-0.584864659439414
HIP 65 A b,-1.5007161622171727,-0.9551447665572758,-0.05640989135236953,1.1651685879384943
HIP 67522 b,0.2186550731312549,-1.5223932023469482,-0.12480585670783964,0.5085313184194
HIP 67522 c,0.9859449339688359,-0.8637318605684985,-0.2669397621179722,0.10682587342929595
HIP 8152 b,0.024334209240063947,0.16601235188951668,-0.765525186394149,-0.328787917929257
HIP 8152 c,1.0550140108976516,0.5433171129437622,0.35055842256017195,-0.48137389896364435
HIP 94235 b,0.41457245136148946,-0.5750854233843348,1.4047631383901042,-0.48510315884989785
HIP 9618 b,0.8632317777297286,0.5265624830582096,-0.923707509291075,-0.29254123618574296
HIP 9618 c,2.484015248471068,1.2080777624675194,-1.318616739352391,-0.1937044037369028
HIP 97166 b,0.33977962027115544,0.22390709751909693,1.2065247192439914,0.302767107175261
HR 858 b,-0.679331833885805,-1.2666392008040377,-0.8044035215145656,-0.7453776755269864
HR 858 c,-0.26709852435371967,-0.9503203183576974,-0.852725745487513,-0.7002359571728084
HR 858 d,0.3875519677258366,-0.6131992266635214,-0.9401541127852079,-0.6030800840106365
L 168-9 b,-1.953402135595874,0.876054763498997,-0.3737388454612158,-0.07196327672196028
L 98-59 b,-2.100480154645406,2.3222659972255424,-0.28100600352803023,-1.39072867112478
L 98-59 c,-1.856168287822804,2.4133669123825388,-0.4408412060748628,-1.2377442331254906
L 98-59 d,-1.4059315011286195,2.668059542015899,-0.4763323190940701,-1.2117232842970278
LHS 1478 b,-2.13368224684478,2.0621284302391167,-0.1488439269136933,-0.2043906455433455
LHS 1678 b,-2.350931256847353,1.4778358729168832,-0.09904908659021262,0.05579684247241712
LHS 1678 c,-1.7221684858564212,2.083039378213421,-0.1444651270002196,-0.3132606213805589
LHS 1678 d,-1.5619586965647514,2.203136668727696,-0.15914494525559342,-0.12173892264213523
LHS 1815 b,-1.6128149104162715,1.5708778020806988,-0.4534921534163672,-0.4066706317866995
LHS 1903 b,-1.7744057509407598,1.1938682132718048,-0.32537122819317077,-0.3693936038013122
LHS 1903 c,-0.9929676449705057,1.5840952801052703,0.08373400222785937,-0.34184262655464837
LHS 1903 d,-0.33035771449828705,1.870857978953058,0.13823511316009127,-0.2866375851827735
LHS 3844 b,-2.7297537801937337,1.8151741575547333,-0.10079414645677051,1.1005457148750357
LP 714-47 b,-1.0955923177948512,0.48931694193231007,0.04840525838192597,1.5031576939678843
LP 791-18 b,-2.548983327857287,2.381788407100916,0.06404319357573252,0.19952525039384483
LP 791-18 c,-1.9033047318945209,2.7180221146552785,-0.16963034276565625,0.3584482387340943
LP 890-9 b,-1.8685141510268304,2.705342263718391,1.4425865590917994,0.29194803853400714
LTT 1445 A b,-1.371163998417938,2.533196571525952,1.1403013929464318,-0.12314654537465167
LTT 1445 A c,-1.678967863252419,2.4854199563043493,1.0101648309241797,-1.0742025890292466
LTT 3780 b,-2.3505096399190197,1.2582098139298925,-0.27177953370801894,0.31651184145560074
LTT 3780 c,-0.7190759600554845,2.184710995368413,-0.24776572153450224,0.5343423861314376
LTT 9779 b,-1.506770593390752,-1.6852294718290433,-0.4357240616501119,0.4753085425691812
NGTS-11 b,1.8963731666592676,0.7760292022534656,-0.00011514961235443897,0.8764447030746781
NGTS-20 b,4.465455334510836,-1.018562189984519,1.3564128307757726,-0.17614692432601184
NGTS-27 b,-0.39389526270881536,-2.316572318300128,-0.5863972760389868,-0.3745112240579283
NGTS-30 b,4.684820187434775,1.2306159455740464,0.3255157527101019,-0.006399133318454785
NGTS-31 b,-0.26037141529355784,-1.458343387995882,-0.4930428116967509,0.050099642758619174
NGTS-33 b,-0.2299033030094183,-2.766659654358983,-0.6019191126498564,-0.5953839864579169
NGTS-34 b,2.721138146914193,-0.10545801708210062,-1.0209961940519994,0.27023010647486634
NGTS-35 b,1.336521337859755,0.855401925189448,0.5365008434329134,0.4976243919403163
NGTS-38 b,7.929689761353997,0.3836022893389261,-0.24912995676026747,1.056631256557164
Ross 176 b,-1.0603036042308267,1.7712603497385495,1.1226923336038956,-0.6523374118339813
TIC 139270665 b,1.4562158937547396,0.026186801780429262,-0.14080805119567144,0.4470131518054088
TIC 147027702 b,3.4823892500935205,-1.0988256876954554,-0.581987943971339,-0.7279087973716971
TIC 172900988 b,8.70831095613137,1.4082624385483418,-2.3968491229650617,1.7485131755801437
TIC 183374187 b,0.5411805802198186,-1.1133268971357084,2.4683878690655483,-1.9934002324691187
TIC 237913194 b,1.6377322443444775,-0.4952717889736532,3.019620034048059,-0.00549039094605164
TIC 241249530 b,8.09889244345917,0.8528500296381692,3.8196141589041943,-0.2457529494616656
TIC 245076932 b,2.0212418019815415,-0.49763162320799614,1.8161602239162447,-0.486025220322578
TIC 257060897 b,-0.12739063432777525,-2.5746556322846788,-0.3648062014139165,-0.3181657488311765
TIC 279401253 b,4.620361724289443,0.661551011513884,1.5486747717591167,0.6856241016120559
TIC 365102760 b,0.8163073774580692,-2.7906018571832476,1.6802681719057,-1.294881158822065
TIC 393818343 b,1.8999404824224708,-0.3593845983702601,3.322109781596181,0.6656028253245532
TIC 434398831 b,-0.8071790838609358,-0.452949478208647,-0.39984994903130316,-0.7012097787724024
TIC 434398831 c,-0.38561930512627346,-0.31660789087910146,-0.5585473747930393,-0.48037829109100194
TIC 46432937 b,-1.5839301778742827,0.09750086656314724,0.1505141096856419,1.8365010745201358
TIC 4672985 b,3.6404407565316563,0.4063333111725353,-1.0383673372888789,0.9433672433339473
TIC 52059926 b,6.22331446462143,2.5133542286424637,1.5583622254627056,0.3464734059548257
TIC 87422071 b,0.9200044827854327,-1.5240506125164364,0.09273345468092559,0.17539602931148474
TIC 88785435 b,0.09343500650748739,0.35526115124577823,0.12805842580802845,-0.6286342081853076
TIC 9344899 b,0.22089107902734464,-0.8594406978983462,-0.21500911063868783,0.49087567832371004
TOI-1011 b,-1.2419033177409042,-0.4239558058752666,-0.632538705497749,-0.4248008040500105
TOI-1052 b,0.4633688275681268,-0.8820856375310132,0.3239510502208649,-0.3232216354953617
TOI-1062 b,-0.6120840725422189,-0.16322328011792644,0.5487927000415808,-0.04781852869678416
TOI-1064 b,-0.6654760377203415,0.5582962328523318,-0.23075931656453197,0.031219298770897932
TOI-1064 c,-0.05462766655657893,0.9782612514014172,-0.14143214163108886,-0.09270463625943437
TOI-1075 b,-2.1439884246484557,0.2859453480487288,-0.38761129338397693,-0.31267922706089524
TOI-1080 b,-1.6340281828856291,2.6452108662438953,1.1900991408074748,0.0019750907608507354
TOI-1107 b,0.04046987869802528,-2.4557898084609673,-0.45358560276770626,-0.6523667422700694
TOI-1117 b,-1.1659461783143221,-1.0200148160166795,-0.5906779260252968,-0.09677351625474925
TOI-1130 b,-0.9594653856799884,0.3055729607915238,-0.08334828068183162,0.29333167237839924
TOI-1130 c,-0.25554175938582085,0.19521051962441077,-0.06972130271105978,0.7830632448067082
TOI-1135 b,0.19349564755103926,-0.9860558729152987,-0.3095333675170376,-0.4339198963423965
TOI-1136 b,-0.7569413064705706,-0.4756131597511148,-0.49981902766151765,-0.30516688519805046
TOI-1136 c,-0.2881543344464988,-0.310962705012787,0.0042230651890232465,-0.3033222719729888
TOI-1136 d,0.3150503068389253,0.09493841083430565,-0.5378979070045273,-0.16779929848023942
TOI-1136 e,0.7515031215403881,0.3146157347594386,-0.6313418733992283,-0.1530236277650087
TOI-1136 f,1.293491772068432,0.5365706641189698,-0.9890556375981508,0.010010764716163476
TOI-1136 g,2.045864455438602,0.9011764169505322,-0.9470514798734784,-0.05312958887129574
TOI-1173 b,-0.2676814070458985,-0.31093219462378857,-0.3739778576440469,0.37526742711817135
TOI-1181 b,-0.17774350818867796,-3.2421506075833832,-0.44412743500013396,0.7638979329365141
TOI-1194 b,-0.9840247418738196,-1.16068101745624,-0.2962786733455806,1.1085989744348221
TOI-1199 b,-0.3172725632748846,-2.0935279738815527,-0.2850326379172,1.0018063847159586
TOI-1201 b,-1.7165059708455706,1.2147451620305443,-0.299439568173777,0.34843328886554753
TOI-1203.01,1.1937441313694597,0.621787221416974,-0.9658749713320719,-1.679164257564067
TOI-122 b,-1.5503387588034012,2.06447667349596,-0.3195583969880967,0.11196586895690586
TOI-1221 b,4.326460317863811,1.233657852707063,-0.1181821473830307,0.27682602726458777
TOI-1231 b,0.3630931965423533,2.129796600971896,-0.04059994291641504,0.44423576268720016
TOI-1232 b,0.7830288303709552,-0.5185849452626069,-0.21126205673418574,0.5818120474350547
TOI-1232 c,1.758044885338675,0.16473139922745522,-0.7843263336208434,0.4926689572897197
TOI-1233.01,0.2699561222729303,0.7049402436388577,-0.5451117256496395,-1.2464476636747486
TOI-1235 b,-1.2490550389491746,0.5943466950244504,-0.042428997572465384,0.9347468642125634
TOI-1238 b,-1.6850994841122782,0.18149973419696003,1.2457560426474625,0.5196903131911872
TOI-1238 c,-1.1345958096681499,0.657235588525728,0.6239663998866088,0.8164728455461112
TOI-1243 b,-1.1066004482121279,1.6848445050788676,-0.0634839796058858,-0.503342151104109
TOI-1246 b,-0.7680989385574087,-0.26558198346793727,-0.31018264529472184,0.15982366739659756
TOI-1246 c,-0.629333217613843,0.010705014700109917,-0.5712600967003302,0.25306137131491235
TOI-1246 d,0.5812502214049466,0.6125150034194315,-0.807274658024915,0.3459761169849309
TOI-1246 e,1.7319539223104259,1.0345481221113093,-1.0179782727604219,0.5130186223477701
TOI-1248 b,-0.7397851480843368,-0.366272352141044,-0.4213303230804929,0.6693704345912307
TOI-1249 b,0.33761927478983067,-0.006399429006882619,-0.703636909726129,0.6776928136156842
TOI-125 b,-0.5635464718554124,0.009922252169180624,0.6160765371977894,-0.5619005571788489
TOI-125 c,-0.18526510909960908,0.36971917389323405,-0.2923915463522549,-0.4033016845426492
TOI-125 d,0.8976064267716547,0.7935422532532109,0.20156949854211853,-0.38454945598701656
TOI-1260 b,-1.3289582883338684,0.584858792151355,-0.48376019067863507,-0.41153024899922996
TOI-1260 c,-0.6840121379941891,0.9464016705612793,-0.5496432545188694,-0.31760597995581213
TOI-1260 d,0.12195155234398777,1.3457450429532116,-0.7002845624727814,-0.25681710459299045
TOI-1266 b,-0.743492937959565,2.145218907604695,-0.23718408281236256,-0.1140116300521006
TOI-1266 c,-0.1697869548144019,2.4197908078749943,-0.1754144486691232,-0.18229548696597966
TOI-1266 d,0.5480439593876796,2.7175006913399997,-0.241141345544271,-0.18556111034593864
TOI-1268 b,-0.07168112334598552,-0.44779062050605317,0.2682901182132771,1.144920050505726
TOI-1269 b,-0.8931038204359532,0.02027783800116623,-0.6228193322627592,-0.4920288872381821
TOI-1272 b,-0.5589968902889693,-0.10970888745382357,1.7307631461428545,-0.13938326422653352
TOI-1273 b,-0.38467899313648724,-1.032007961030474,-0.1675444970037772,0.052171092099020176
TOI-1278 b,0.06393496170930325,1.0179777057499952,-0.127502767465836,0.9164654379155001
TOI-1279 b,-0.2009323682727647,0.43484862348553993,-0.7172181167238454,-0.48006159973711093
TOI-128.01,-0.5049738488885422,-0.6447218901841442,-0.29580366080061304,-0.9546262063269532
TOI-1288 b,-0.980201863803101,-0.8606547311762742,-0.40712639285475183,0.6445979101615337
TOI-1294 b,-0.31168097677181594,-1.9847119422817447,-0.542092369751712,0.47034345339038824
TOI-1295 b,-0.24339942689894056,-3.088830036290471,-0.40206646807487434,0.3927514709514381
TOI-1296 b,-0.20690322598977282,-2.3112720842341092,-0.48665373382114596,0.8852913170779918
TOI-1298 b,-0.19804373817207943,-1.8858171204329703,-0.4892948431884116,0.9316784677151104
TOI-132 b,-1.2005218179916846,-0.8681630490234103,-0.0910332207624264,0.14020546867995737
TOI-1333 b,0.29381957037837303,-2.744186908068006,-0.14288561283268247,-0.07240768272959307
TOI-1346 b,-1.3222097047982666,-0.1957595510392673,0.28563703606004537,-0.43293531513921674
TOI-1346 c,-0.6870072679041728,0.3780542777171599,0.0918503990076681,-0.3539359958552357
TOI-1347 b,-1.721102968946403,-0.4960302665254783,-0.4798304795553948,-0.1825828274341303
TOI-1347 c,-0.8960447437865438,0.1707294017177535,-0.6013922452077932,-0.18710234223967553
TOI-1386 b,1.39923914710512,0.21675395483161072,-0.8855106233178449,0.4369282087251539
TOI-139 b,-0.3379607616602121,1.3415673266054782,-0.41194661561298956,-0.7874979083177838
TOI-1408 b,-0.029022416309789394,-2.6574607683015046,-0.481460764821984,0.606893991917324
TOI-1408 c,-0.5385664311652455,-1.9822157977933863,0.15304166269571493,-0.2823379711952176
TOI-1410.01,-1.634987064516818,-0.41352671101329136,-0.3195191088094876,0.9061806052768101
TOI-1411 b,-1.8456227981009719,0.6534730507795055,-0.44157235058486116,-0.16634528048722344
TOI-1416 b,-1.758199322305708,-0.4551561707121844,-0.5249670759966031,-0.1777480525313669
TOI-1420 b,-0.017599298504943937,-0.49401734990556445,0.5919173608353514,0.7040025610860833
TOI-1431 b,-0.0607431108185566,-3.744737887880276,-0.6414510140117775,-0.2525422220054691
TOI-1437 b,1.148327905399933,0.30248655653795786,-0.09603450486413131,-2.3016308046601734
TOI-1438 b,-0.7574835456804607,0.01339653342633855,-0.5877366595734274,-0.16126685515460376
TOI-1438 c,-0.22818383379201093,0.3389705950007706,-0.674382836781956,-0.1283308727879916
TOI-1439 b,2.159048612701869,-0.6837772277641883,-0.0984641496466976,0.06386106976804326
TOI-1442 b,-2.631496269797687,1.4639724479876317,-0.313429743501583,-0.22820667567741018
TOI-1443 b,0.7367507373011636,1.3180671506066322,-0.9125459998896686,-0.9411960637439858
TOI-1444 b,-1.9056406450148795,-1.2624298416841666,-0.5764088294830614,-0.16454876182438782
TOI-1448 b,-0.5259893786589444,1.7225122942405788,2.0640370358245836,1.2151096811598363
TOI-1450 A b,-1.8764651899900455,1.4560348295377392,-0.33618111885957475,-0.412789435257296
TOI-1451 b,0.6300567611022007,0.2118439466280637,-0.8729128833416633,-0.26098039897832565
TOI-1452 b,-1.1381006023281885,2.6598637952782833,-0.3699089004003265,0.18809618963331468
TOI-1453 b,-1.1857102103225976,0.7212114236673592,-0.6965010000426619,-1.349507657697182
TOI-1453 c,-0.7217449323058677,0.8852708514092534,-0.7407629235622302,-1.220767527691506
TOI-1468 b,-2.032637049032261,1.6195937009500456,-0.23465566885255157,0.13233843981796192
TOI-1468 c,-0.43520102853724457,2.4066686159002293,0.20958603856997018,0.15937902505681664
TOI-1470 b,-1.2829724199434491,1.2560507814947468,1.5593313807668083,-0.1719731406496806
TOI-1470 c,0.5574919720822399,2.1304224555173055,2.562933178628248,-0.2920184219998298
TOI-1472 b,-0.47146702230437293,-0.129393157223379,-0.23966664538479207,0.6713103991543028
TOI-150.01,0.6069798704120545,-2.243493553316847,1.1268836357162735,0.3912592734127961
TOI-1516 b,-0.5999195068892788,-2.016214141494302,-0.23407740930054827,-0.25188350346650457
TOI-1533 b,-0.9407597357384408,-0.3855467632200859,-0.44884487225613157,0.5684702055718965
TOI-1533 c,-0.25336891862230043,-0.1847298275759888,-0.49170281926509046,0.7816770042584807
TOI-157 b,-0.8923476135230978,-1.7895268535872304,-0.31881925197020144,0.7545696629737215
TOI-159 b,0.39719406642604893,-3.0079144803046307,1.001216942500151,0.41704853579419515
TOI-1601 b,0.3929214195245838,-2.957476990404858,-0.6026224077300374,0.5784421411468147
TOI-163 b,-0.02544430100654627,-2.5407246815727307,-0.5412918845434349,0.41046465203609156
TOI-1634 b,-2.1342009854543647,0.9205117195485681,-0.22060034860463493,0.8736193715909704
TOI-1648 b,-0.25320600412049493,0.2367781744475623,0.5395975700036137,0.20164627712274547
TOI-1669 c,-1.004186743551017,-0.9765300081451066,-0.5339854726953871,0.38159468661515705
TOI-1670 b,1.289317510347411,-0.7587478202152946,2.860291198524663,-0.9150760330358287
TOI-1670 c,2.772071998641926,-0.15443017445102566,-0.5576999315367267,0.22893921806085685
TOI-1680 b,-1.522679133988463,2.525881727041805,1.1401918085603109,0.3795481434097281
TOI-1683.01,-1.2097750438623291,0.30813811759528303,-0.0006398227519903617,0.15983983190073286
TOI-1685 b,-2.231508228904712,0.8214864208964731,-0.2995771053354978,-0.0015462993362200727
TOI-169 b,-0.7472230874204587,-2.0892256408514376,-0.41303329445394993,0.5787732254170102
TOI-1693 b,-1.8500742386242308,1.3118721688616068,0.06202735989592498,-0.06261537792637348
TOI-1694 b,-0.7802066280247225,-0.10878510405515057,0.3145128410813885,-0.04512439669051614
TOI-1695 b,-1.42068602196101,1.2099406912004116,0.24083077972582104,-0.018409736060407883
TOI-1696 b,-1.7942010719775279,1.6826562986917561,0.454065371876987,1.6588785469777234
TOI-172 b,1.1983056931969638,-1.8523915628568142,1.7930553299679655,-0.1452480443493152
TOI-1728 b,-1.1445151908560207,0.4720505137880721,0.10184135007329664,0.9552040182813486
TOI-1736 b,-0.06646332809910027,-1.0804012735974138,-0.7548222056449966,-0.18478075748205433
TOI-1742 b,1.52916181700442,0.08674371903951383,0.9248303323767814,-0.1416414535278579
TOI-1743 b,-1.61081876250898,1.8512676978125095,-0.1047141597444417,1.0132412584322625
TOI-1749 b,-1.3977307100940177,1.0191271167112663,0.49172364988121536,-0.8313557513282065
TOI-1749 c,-1.2440920164015519,1.2511390473942487,-0.3648732075612674,-0.748518973305255
TOI-1749 d,-0.6243715305874703,1.5734335777899513,-0.16613110527145208,-0.7302419031650051
TOI-1751 b,2.4981447652169577,0.5477384919220789,0.7247666035878378,-1.972982533123013
TOI-1752 b,-2.087450180708156,0.7833523014590811,-0.3796964011106206,-0.37665410047468295
TOI-1752 c,0.8123311126020222,2.3395506789753275,-0.3840120194943783,-0.1753592982743595
TOI-1753 b,-0.5776713702119094,-0.2691163603154106,-0.6301210012672604,-0.27494944916629527
TOI-1759 b,0.15738159920988676,1.5591034240700807,-0.6400253742016108,0.32292948953109857
TOI-1774.01,0.7237038862911501,0.0032826325973451505,-0.6289816908605705,-0.5774977273991253
TOI-1775 b,-0.10404608600563713,-0.022171662078339635,-0.4688487237962094,0.6671794055701391
TOI-1776 b,-1.187184493277481,-0.23683212746574278,-0.7607425311623579,-1.2678468867287203
TOI-178 b,-1.5533715136765986,0.5307649714484508,-0.5430921421342463,-1.1577485868191895
TOI-178 c,-1.2901171697394023,0.609394473626056,-0.5964033467873225,-0.9942059460467755
TOI-178 d,-0.7439698536613335,0.8212820738548605,-0.6219602286308992,-0.9121873703671025
TOI-178 e,-0.3889931764494759,1.0525547607136077,-0.7559804159964969,-0.9337507755108475
TOI-178 g,0.4234040338798311,1.4517771707284628,-0.879293826284251,-0.8212238032276334
TOI-1789 b,0.007685155490210086,-3.3471144026211066,-0.30116360928209523,0.5536720587967363
TOI-1794 b,0.03836254011433182,-0.6536985947694716,-0.8010121829025709,-0.48357589754221086
TOI-1801 b,-0.7454083360168727,1.8004929860869536,-0.5542872969017923,-0.4701340001630618
TOI-1803 b,-0.7721653127885506,0.6283224806687392,-0.5254157473151941,-0.009072777357065612
TOI-1803 c,-0.0848924010863895,0.9633266618984855,-0.6373985015451703,0.07224916933029825
TOI-1806.01,-0.45042430465412286,2.2687424204746787,-0.129062671779664,0.3044458495934412
TOI-1807 b,-2.019022428349205,-0.44959882302761445,-0.51663719484779,-0.27978807049772947
TOI-181 b,-0.5528531934507049,-0.061183438398018035,0.6236888712424842,0.8346864282083492
TOI-1811 b,-0.788325504291321,-0.44525344515652693,0.12836459379886447,1.2739507629924962
TOI-1820 b,-0.09013841574564249,-1.7510886686668783,-0.20128871699623233,0.3252852687591161
TOI-1823 b,1.7804808496910058,0.9679291476113868,-0.8602127717763954,1.0787575654880703
TOI-1824 b,0.8434099257824927,0.8874426743981952,-0.8281567074709539,0.3354358560491527
TOI-1836 b,1.4890532557908924,-0.8967792703192421,-1.075285669762011,-0.7642056451218023
TOI-1836 c,-0.9087571934028971,-2.0723533217521783,-0.8337777482309415,-1.4096105563599948
TOI-1842 b,1.2374207400909605,-2.281167012612827,0.983075857991216,0.19977001594655489
TOI-1846 b,-1.5091460094585585,1.6269576130950816,0.09111089959111064,0.6685859241988742
TOI-1853 b,-1.4801779120382144,-0.8028935619720946,-0.19100009288660907,0.19414489216919478
TOI-1855 b,-1.0817823583313289,-1.8872143742679655,0.0019444429896877395,1.3548267201467667
TOI-1859 b,4.55844348471375,0.12680584660554284,2.2175559366087314,-0.12593173637423866
TOI-1860 b,-1.6560494303664888,-0.9435662852293666,-0.6064509751397976,-0.43160274832883466
TOI-1883 b,-1.2328622456517109,1.0305033677562607,-0.19241670560178142,1.3725086486223876
TOI-1898 b,3.697320429920247,-0.262282717000568,1.7170704182741785,-1.0282830337369384
TOI-1899 b,0.9528925150122559,1.2916691390021244,-0.20139735461888003,1.5229100160778424
TOI-1937 A b,-1.2577524689058204,-2.2010716052105423,-0.3055879134849324,0.6340889813117545
TOI-198 b,-0.7541149711749123,2.5269056712868334,0.25095674137397417,-2.1367540465483463
TOI-199 b,4.353013986167086,1.7061313079192548,-0.9299529118601243,1.0920058708658131
TOI-1994 b,0.9280481182613834,-3.7942081817009568,1.4484937035592718,-0.9359494829622209
TOI-2000 b,-0.8422614227099794,-1.3332620590058497,-0.5379146189040331,0.8453441766810114
TOI-2000 c,0.28101436330886176,-0.9722890363637662,-0.12368304201220558,1.2020184496186905
TOI-2005 b,2.8033709892706167,-2.030451561012217,2.7976958883455763,-1.0002102796870278
TOI-201 b,3.787430164585209,-0.16261266987019385,0.39489017148295885,-0.074681487352965
TOI-201 c,23.632892837107164,5.365818811305904,-2.5872491589736386,0.9267935206918708
TOI-201 d,0.18698460470448758,-0.8033603183597257,1.0567279964539904,-0.9394643892741297
TOI-2010 b,6.039275671944401,1.3589737176647825,-0.4803153778328371,0.871921842446188
TOI-2015 b,-1.7533165571787734,2.259882444026051,0.21755138761487616,-0.5295577953241071
TOI-2018 b,-0.7887910115004763,1.5452313905168635,-0.7125075821765945,-1.8303496972098754
TOI-2019 b,1.0755303569028425,-1.3853482306220932,-0.8344086281051847,0.7227361186453847
TOI-2025 b,1.0534383766040563,-1.587477981256808,1.908313062023434,-0.03479443213211979
TOI-2031 A b,0.005223159795074222,-1.3060643349922463,-0.17126136084203575,-0.9658011571061553
TOI-2046 b,-0.7274810932536963,-1.9760375970969248,-0.2540271698070042,-0.24667392776555802
TOI-206 b,-2.4113275794800555,1.4040928990940484,-0.25587175097614984,0.0968237370327989
TOI-2068 b,-0.6951943242725295,1.3288322162915824,0.38165169815512473,0.8557926196672364
TOI-2076 b,-0.2005778307643468,0.6218895295657397,-0.6496405227934569,-0.41106724601301653
TOI-2076 c,0.7247677133375195,0.930483832407467,-0.6368002792411407,-0.18368364042586985
TOI-2076 d,1.556992118872948,1.1443353379130388,-0.9064760100981559,-0.22369606872665057
TOI-2076 e,-1.199573887001007,0.05239446190703945,-0.5864349351197623,-0.35509814886553615
TOI-2081 b,-0.5035176202188498,1.7881777653573574,-0.3049344788198998,-1.7033425769200663
TOI-2084 b,-1.1171762741996625,1.7113259304488684,-0.031144314926063656,-0.2932773473376313
TOI-2088 b,4.644029680441612,1.8932144220964011,-1.6505068167861914,1.4073744759777733
TOI-2093 c,1.9779539627700984,2.3408080980692136,-1.1192446133683693,0.07992609705460747
TOI-2094 b,0.2411328637439095,2.681235116959495,0.14579209402262838,0.0614242619835567
TOI-2095 b,-0.49240322394873215,2.79415410054734,-0.6120321553862611,-0.40434214204608665
TOI-2095 c,0.09355812843403047,2.994185206355184,-0.7106044464329546,-0.3215083947990305
TOI-2096 b,-1.8030198998455202,2.380543215596246,0.7349593836629373,0.18059226438730092
TOI-2096 c,-1.4543662425629935,2.5626434727405742,0.3952028009808846,0.3169906697516041
TOI-2107 b,-0.9062014052367198,-1.1317117178090688,-0.13562202554596037,0.3188483850517164
TOI-2109 b,-0.9823793855238953,-3.969624233127547,-0.3948667014670381,-0.24822890471185977
TOI-2120 b,-1.1335132159900831,2.177361138906687,1.9065925262840493,1.3823793040921273
TOI-2128 b,0.6392259127155072,0.13747905570740435,-0.9921313712111051,-0.762045667880621
TOI-2133 b,-1.1768884223624665,0.6979076858216579,-0.16871758056489936,-0.11958372350605817
TOI-2134 b,-0.4477215175247057,1.0089922682017793,-0.1445877522388074,0.38649051986800265
TOI-2134 c,4.41365868165615,2.414677308490973,2.905940766373149,0.29063405635994877
TOI-2136 b,-1.1882172766127463,2.2074956743054828,-0.3319388416202004,0.48389439795197625
TOI-2141 b,0.7691265017672586,0.4515355387089414,-0.5093315849898954,-0.7548043649700831
TOI-2145 b,1.6612935713665924,-3.233770335719178,0.5578334850234918,0.07019529638135436
TOI-2147 b,2.002699449573368,-0.20575745013745472,0.7786651090916279,-1.3770669919772323
TOI-2152 A b,-0.05637354081288342,-2.7675853188876984,-0.12144802209313565,0.5683812988852868
TOI-2154 b,-0.13926948233361355,-1.9885101364053743,0.18866644617499004,-0.28601881864177114
TOI-2158 b,0.3191103005959765,-1.683416304892729,-0.03069802829615327,1.2277746411362818
TOI-2169 A b,0.6728683823949864,-2.1833530883126864,-0.42737540471198054,-0.045246728907592494
TOI-2180 b,8.870625215382,1.322014078435637,-0.1496733656060063,0.9245471037291931
TOI-2184 b,0.8437186858955047,-3.2740884130770813,-0.3277142911114848,-0.5004606906904907
TOI-2193 A b,-0.7959562182066606,-2.0029150046262263,-0.4328297462615221,0.011974189206055995
TOI-2194 b,0.18575453881915893,1.517751901209951,-0.5627612617725021,-1.2281095540004412
TOI-2196 b,-1.3979333081909915,-1.4765590939447828,-0.5174531297121459,0.013705245380093389
TOI-220 b,-0.023793466381314802,0.36049905743343336,-0.5888131834684222,-1.007518616657483
TOI-2202 b,0.003580435359001716,0.010383597962120931,-0.30143170734915053,0.4692316724077205
TOI-2207 b,0.6582514924878599,-1.7650442426387225,0.4431491482167667,0.07820260140405418
TOI-2236 b,-0.23457722572102013,-2.4085779484350196,-0.5279791248139845,0.11206536221992153
TOI-2257 b,0.9601723573580243,3.1809856040301203,2.3773521877676576,-0.9271885586740357
TOI-2260 b,-2.001988474883602,-1.578192142863285,-0.5267367669979963,0.16919825894689258
TOI-2266 b,-1.9903484257535082,2.1593400240909206,0.27781165513130623,-0.15707154449351657
TOI-2267 b,-1.900734198396318,2.2945710908402424,1.0182155668864423,0.707998326314852
TOI-2267 c,-1.6848189880401816,2.389944824828284,1.0720200161341522,0.7480563329282846
TOI-2274 b,-1.08251118244153,0.6699948768249849,0.03649331382286966,-0.15636958557679909
TOI-2285 b,-0.2841612422935221,2.1715117362569702,0.2719248619515097,-0.08525881087899231
TOI-2295 b,2.5930049536777933,-0.7938784764720938,1.212456551060542,0.6587446588146947
TOI-2322 b,-0.3047270140598051,1.2705640208990596,-0.7718676176999625,-0.6446780320281612
TOI-2322 c,0.48245530074487475,1.429692687657995,-0.8136779772086568,-0.37275930576513117
TOI-2328 b,0.736226109668921,0.09751484336728335,-0.3435181169030112,0.317647176708005
TOI-2337 b,0.5504042014862149,-3.5850742061029726,-0.5626717107709136,0.42403743169401664
TOI-2338 b,2.340297349256343,-0.2069811870278928,3.6221693532885126,0.30638183646420114
TOI-2345 b,-1.8022966332440356,-0.10109031784564174,-0.22066656942736082,-0.7392201293336993
TOI-2345 c,0.4307962414851271,1.2915115337787109,-0.5927309578148593,-0.43148683978402375
TOI-2346 b,-0.26338718528396127,-2.082913317517047,-0.00135715775224984,-0.37209449784961546
TOI-2364 b,-0.7267069834647427,-0.7235229946547275,-0.34183415669745076,1.1418543977026616
TOI-2368 b,-0.4638771319779692,-0.4225972752227939,0.013226164694786553,0.4674480320722447
TOI-237 b,-1.7698648784965745,2.600603288956947,-0.227735600538531,0.3809091698836885
TOI-2373 b,0.8752613778874767,-0.82726759805584,0.24544909755035488,1.1067289924948818
TOI-2374 b,-0.6991893059444362,0.03502364700616387,0.49568493594688956,0.45448390597071453
TOI-2379 b,-0.21143275985338428,0.20144109802826576,2.175450883124584,1.9918925939480263
TOI-238 b,-1.6487782014452175,-0.10536734145860842,-0.18749145714209559,-0.8189514756816139
TOI-2382 b,0.11542580441536918,-1.926732190332258,0.6234563978317638,0.3658137161675588
TOI-2384 b,-1.3430413069963363,-0.08062004974998928,-0.008530731031900215,1.684447143286135
TOI-2406 b,-1.7955250303160604,2.525574319897908,0.8876113015064587,-0.3594122597164823
TOI-2407 b,-1.3322785522266403,0.7139214691771298,0.25273394669440064,0.7794549972760595
TOI-2411 b,-1.9127063223943594,-0.003242285384739012,-0.04303098478414435,-0.09641980992969601
TOI-2416 b,0.7189170883263919,-1.3350553496977373,1.5504590745323115,0.6833541969795845
TOI-2420 b,0.36382267504428617,-2.626488935907233,-0.2932828600703215,0.03406690039864499
TOI-2421 b,-0.17498094791335841,-2.2008617948339353,-0.6001817224050111,0.11313478038406628
TOI-2427 b,-1.771526482160918,0.3287977597661576,-0.10653188624082378,-0.25171167139231865
TOI-244 b,-1.0682872016916631,2.085213080264096,-0.34331188369363286,-1.2221791988462207
TOI-2443 b,0.4567567954122658,1.3741370141562033,1.067239603350222,-1.4134776960916693
TOI-2445 b,-2.6870463146417043,1.5544027140555365,-0.25066889547246446,-0.03547915550176282
TOI-2447 b,3.8905061448469045,0.7973185044076838,-0.2700753292909377,0.6172753219545158
TOI-2449 b,4.869774631671653,1.2306176870161152,-1.0337039474961525,0.2113411656827536
TOI-2458 b,-0.5137374200895959,-1.2446932975855414,-0.2264881872400651,-1.1146430455555987
TOI-2485 b,0.871140778026422,-1.626186891640345,-0.4165297227703479,0.5873805780807115
TOI-2497 b,1.6423839435428607,-3.0764043720965804,0.3357709968832112,-0.5034217881487418
TOI-2498 b,-0.4324132010822159,-1.4467646010146231,-0.02643071095156831,0.012730309154508606
TOI-251 b,-0.5895588923777797,-0.41278431021448597,-0.5392661981490122,-0.39430534319965205
TOI-2524 b,-0.055195791804655926,-0.9467170116691749,-0.5372292313778471,0.1630055315939849
TOI-2525 b,1.1408297037002857,0.7085493520814258,0.32569725114738474,0.4426099132145661
TOI-2525 c,2.5097629856156067,1.1118351885238624,0.0440995024827242,0.7667324376005366
TOI-2529 b,3.804509349162903,-0.24866688205090315,-1.1980200082516692,0.3519576428566328
TOI-2537 b,4.227365522798862,1.7223280485010375,1.0208171169150067,0.5591789866772248
TOI-2567 b,0.051286801992730814,-1.9285161901684655,-0.6245098533223761,0.30620901781719834
TOI-257 b,1.51786640656168,-1.4681707361468186,-1.0050724696279745,-0.01792752061541682
TOI-2570 b,-0.6917015723873229,-1.5090624698954274,-0.3745297982295901,0.6130081396946572
TOI-2580 b,-0.19419186884947987,-2.9909521891975466,-0.07404764031324693,0.3107121910863269
TOI-2583 A b,-0.20153807709392169,-1.911561663118898,-0.5744817762858422,0.18065491867861486
TOI-2587 A b,0.0012201085183536225,-2.0331949138769443,-0.6565484826388622,-0.07005697447278693
TOI-2589 b,3.921299300801961,0.5546328242833136,2.165497782231008,0.24290189415681984
TOI-260 b,-0.238855119400431,1.6021928575428235,-0.835232137235411,-1.6510918767971112
TOI-261.01,-0.6622633950070058,-1.3662757800813328,0.1753795163022128,-1.2011823630537874
TOI-262 b,0.8114499663389577,0.6299273082822765,-0.6839532314011774,0.6572908326578075
TOI-2641 b,0.09493912459546328,-1.5375027251560087,0.4968175194858208,-0.8765392030302708
TOI-2669 b,1.1190475406651927,-3.5097800199380296,-0.2793774266146104,-0.7161405528419907
TOI-269 b,-1.0019816231950525,1.9049441619764085,2.3010155733997424,-1.0697331504653416
TOI-270 b,-1.739470596826801,1.906914741094119,-0.2797698583897382,-0.16206896540790405
TOI-270 c,-1.4265377762154685,1.8259844075681104,-0.2610897916427854,0.5376316172459614
TOI-270 d,-0.82642970579113,2.2638391379509915,-0.40429019233561925,0.2624531910593446
TOI-2714 b,-0.4781482693130944,-1.939072698004985,0.6595237411395871,0.6381887004387229
TOI-2719 b,-0.4245649959556639,-1.9920265781201822,-0.1487205518185767,0.3431793067915852
TOI-2768 b,-1.548251318860943,0.45001752633441244,-0.13518801695108634,-0.20931358724587146
TOI-277 b,-1.4774396935106653,1.5243958542885663,0.27284561604384266,-0.04044430857492452
TOI-2796 b,-0.36570126665288016,-1.2349790408646222,-0.4056851609410629,0.8066282855497723
TOI-2803 A b,-0.841854211286936,-2.0385406124702445,-0.4941781109964813,-0.45627858793761267
TOI-2818 b,-0.4631478119706127,-1.4199397595432603,-0.4912473443011077,-0.13772930339638165
TOI-283 b,0.3929820701823642,0.851607916598343,-0.8643126121447783,-0.5182758004362581
TOI-2842 b,-0.4912548790213433,-1.753850742017649,-0.46722190033704847,0.5451403498354014
TOI-286 b,-0.9942987092328893,0.34530342856438145,-0.6276955209764856,-0.4926502808081812
TOI-286 c,1.5782668991491198,1.5745489102334993,-1.1423501383593888,-0.285233916823113
TOI-2876 b,-0.2039580651274675,-0.4430835406577267,0.42816958123658794,1.0630957405900232
TOI-2886 b,-0.7119853615124901,-2.46129725739698,0.34062431204285004,0.6994638709341064
TOI-2969 b,-1.3329697349789187,-0.4952479201455584,-0.19230338222864934,0.6413381067052687
TOI-2977 b,-0.8834918504822153,-1.4693149230289033,-0.37450957299447235,0.09322008713095957
TOI-2981 b,-0.45498204649953067,-1.3672375071354166,-0.25360868195469893,-0.3746076343496175
TOI-2986 b,-0.3046008138905619,-1.930633722415747,0.30297043673966395,-0.25767704231786126
TOI-2989 b,-0.9779503177277588,-0.2343111859720356,-0.21288511580461283,0.37175005311037945
TOI-2992 b,-0.25839465451136007,-2.3714784664702075,0.0858190602890881,-0.025268893226920892
TOI-3023 b,-0.2436956061857911,-2.2263659828713447,-0.5601816078304326,-0.06151295918606723
TOI-3071 b,-0.9491260892985336,-2.3639509265651166,0.10600937399954936,0.5915055200223811
TOI-3082 b,-1.3943220837354975,0.17898751173832364,0.23990453976975004,0.47117078281591757
TOI-3135 b,-0.26266831483110425,-1.0958360470365587,1.11594200410308,0.07507321990048832
TOI-3160 A b,-0.10289603801597248,-1.708627015183554,0.5686541223956436,-0.7305098575703508
TOI-3235 b,-1.5793432977819342,1.0176801073034878,0.23948573082895194,1.682038223144319
TOI-3261 b,-1.5073867911916663,-1.3861792961068828,-0.472582005449933,0.01992033343987828
TOI-3288 b,-1.3857458112247176,-0.623795620024438,0.20623024888509928,2.587908682287265
TOI-329 b,0.4452354248593445,-1.4535977596701648,1.7974558228352373,-0.33472697972765514
TOI-332 b,-1.6426697936981847,-1.3000217661739686,-0.37643959636461294,0.5616664685873339
TOI-3321 b,-0.30680057616167206,-1.9627151317946625,-0.26216723695128785,-0.7012513738357253
TOI-333 b,-0.6502805917767969,-1.103074930786491,-0.6567550238924095,-0.42151643804682626
TOI-3331 A b,-0.994616895084744,-1.383743564373448,-0.2732028634379254,0.6626127146570461
TOI-3353.01,-0.37632109553250565,-0.762710452798,-0.11163070021704355,-0.41289763112747835
TOI-3362 b,2.8738775948663973,-1.6135726079824833,4.246660347831855,-1.029260457479958
TOI-3364 b,0.0503511555210286,-1.855654060308772,-0.4334838597915609,1.119557515118204
TOI-3457 b,2.9654422021138545,-0.5435128267324796,2.8463592273237244,0.3180439764815113
TOI-3464 b,0.1423299829714953,-2.3085913289202735,0.9974669016524472,-0.431289969926741
TOI-3474 b,-0.22601224524458852,-1.6864545048505495,0.34237179803194007,0.19242972637610645
TOI-3486 b,-1.0752407479509896,-0.6622203744705718,0.25242797826131463,1.0110200828041673
TOI-3493 b,0.19388865712924788,-0.6493439856679204,-0.38398668048771784,-0.5498426010796478
TOI-3523 A b,-0.603642159934168,-2.1550468224026544,-0.33871126982153316,-1.4794463246460752
TOI-3540 A b,-0.5406281467488839,-1.8464442873650608,-0.3695245039904661,0.5995607490129058
TOI-3568 b,-0.8941626499805707,0.2711536306235898,-0.22227200187082352,-0.00042088186458009205
TOI-3593 b,-0.46631708569286207,-1.080847668077984,0.41443204523646837,1.324163225266522
TOI-3629 b,-1.005049424414821,0.3750306188131443,0.18526023253306703,1.6610389887701251
TOI-3664 b,-0.4543224088306711,-1.2432482983025293,0.5984685898052381,0.334597902422588
TOI-3682 b,0.03323002378601491,-2.553671452924189,0.8559043284328154,0.5860845895457988
TOI-3688 A b,-0.4763745369443867,-1.9718046970842313,-0.4208923193559699,0.6956774534030842
TOI-3693 b,-0.09045263021569036,-0.021170930027491156,-0.4070654158636521,0.5975783678739082
TOI-3714 b,-1.47252898215767,0.5894901698872758,0.12641858706579304,0.969444685760976
TOI-375 b,1.1490762536338175,-2.787844817781002,-0.3185768001075366,-0.5819922981232888
TOI-3757 b,-0.9808786200565741,0.5243977671302933,0.6582255830304793,0.3416723155505556
TOI-3785 b,-1.0920143722213311,1.2032022558650641,0.4213865296866221,0.5433120723192933
TOI-3807 b,-0.462536422081245,-2.325290707015648,-0.4124782901573825,0.715367510240059
TOI-3819 b,-0.35798327642618655,-2.3481274136059915,-0.4615365707789931,0.6034040167607364
TOI-3837 b,0.7121182825221325,-0.7041623458101836,0.6114624080723711,-1.1956141120974397
TOI-3856 b,-0.8065334671301726,-1.751806768053964,0.24819288899857056,1.3510718784905063
TOI-3862 b,-1.2726909202742023,-1.1245924598554111,-0.284670580565167,0.12481245251596555
TOI-3877 b,0.013807736617296694,-1.8883361916384633,0.8673133104471912,0.2981021997015713
TOI-3884 b,-1.468936175289787,1.9432301617841854,0.27344489259653093,0.8056824600379252
TOI-3894 b,-0.15823275656248073,-1.984198000957822,-0.25018494050909107,-0.2390577750621381
TOI-3912 b,-0.46091971339337123,-1.8988235059080036,-0.4868621837045632,0.35488113172614183
TOI-3919 b,0.6309628633740351,-1.5591409681507709,1.1267251010637482,0.2700912547826605
TOI-3976 A b,0.1294810480648284,-1.706908032388963,-0.6479734392843833,0.211529981249171
TOI-3980 b,-0.041075878107073104,-2.3056925002221296,0.4697574162971212,0.07654440963176212
TOI-3984 A b,-0.9430480528214288,1.1690670114878785,1.302473904387141,0.8975437700303907
TOI-4010 b,-1.4908536092085287,-0.7894617920567815,-0.19044245926062967,0.8767192162957526
TOI-4010 c,-0.595834332202303,-0.23243527599618038,-0.21383937166663555,1.1125517986747393
TOI-4010 d,0.46669629617587005,0.26825729252506114,-0.10950803105829178,1.1971223961731325
TOI-4034 b,-0.5025222412609432,-2.946569996021978,-0.5280931037980995,-0.09481048060155908
TOI-406 c,-1.6150842126095033,1.5875384483779864,-0.18657457508516753,-0.0625461283430616
TOI-406.01,-0.5097258112834446,2.053960723944165,-0.14390930909747987,0.09233430840782929
TOI-4087 b,-0.5994702056806055,-1.6307420578421676,-0.39680587271299317,0.7140460145162798
TOI-411 b,-0.582832705852754,-0.5964559069242801,-0.4219195860162555,-0.872234468105544
TOI-411 c,0.3615617319076773,-0.12425920664509067,-0.032627686960999575,-0.8537246819656781
TOI-4127 b,4.464363148970051,0.06835301742794779,3.5023577549320133,-0.16112154282169433
TOI-4137 b,-0.24772081839739263,-2.1699773006818424,-0.48921786174423304,0.3849766282690364
TOI-4145 A b,-0.7168032592187269,-0.6221086574090755,-0.33099298929112636,0.7355675306502822
TOI-4153 b,0.16281040082891696,-2.6605549126107797,-0.30355981837484497,0.6471941398922912
TOI-4155 b,-0.6812654775892252,-0.7708841393894215,-0.18932135985796736,-0.15391749868171284
TOI-4184 b,-1.6490961449049,2.6088824040077183,0.23385395805846013,-0.4416975291279603
TOI-4201 b,-0.9483389443843286,-0.014160944981138427,0.2998105136920903,2.313480884794903
TOI-421 b,-0.5708319653127283,0.12155755930853929,0.18498856901072105,-0.602687827186784
TOI-421 c,0.6784870523929722,0.6093005530365978,0.4289408074122815,-0.4304454224518481
TOI-4214 b,-0.07830675842265321,-2.246984389630784,0.5486478150068175,0.40486004885537585
TOI-431 b,-2.0674459732362784,-0.6441255004721872,-0.4755754147778056,0.20547252648788622
TOI-431 d,-0.05360967722196054,0.7040271006486215,-0.6102076233589947,0.5954027490054414
TOI-4311 b,-1.7438726137380913,-0.6187502629480721,-0.6049441612028558,-0.7397603069162353
TOI-4311 c,0.5849777003241869,0.6853592309614739,0.5887483268171465,-0.6542380200669972
TOI-4329 b,0.13456260653736746,-3.35096071675376,-0.216988368652724,0.19726060164988665
TOI-4336 A b,-0.6423169065838219,2.466946049076418,-0.42103717991765743,0.8083311704330338
TOI-4342 b,-1.0434603087429555,0.9222971548902522,-0.37379759813695934,0.8703069110729623
TOI-4342 c,-0.502609296862203,1.2484133608575643,-0.48423698344766475,0.8726256983097628
TOI-4364 b,-0.8556768156151673,1.5559865679577267,1.4703012360742655,0.31053049932582943
TOI-4377 b,0.5623971133646215,-3.7708718441106166,-0.4361907029392186,-0.3262488223407298
TOI-4379 b,-0.05575494468837829,-2.9006419493079725,-0.45978495344019193,0.019557029441096815
TOI-4406 b,2.2011807304290585,-0.43524652045783485,-0.08019120870876995,0.06575107130790749
TOI-4438 b,-0.9284109640417637,1.9859198409495464,0.43380987121472264,-0.543784692481445
TOI-444 b,0.5771793742333927,0.8668317303228372,-0.5566102642595832,0.13590334861338244
TOI-4443.01,-1.255166432069895,-1.0263985769342587,-0.535240052588419,-0.4350621472026244
TOI-4463 A b,-0.7376521578648738,-1.4565181856021145,-0.33961133444872293,0.8319962729435008
TOI-4465 b,4.766279645152722,1.1838962161207383,0.06865736645643106,0.2070128083211323
TOI-4479 b,-1.7955360257934874,0.776157435795164,0.3723481881738654,-0.15078132708497746
TOI-4487 A b,0.007105740265023915,-2.472939753003723,-0.006905996856979219,0.29322590165725443
TOI-4495 b,-0.7143041119490532,-1.6707495100911711,-0.20958667147737353,-0.2865353589568582
TOI-4495 c,-0.22189577408643052,-1.4049060555958397,-0.5461913737000517,-0.014752694397379633
TOI-4504 b,-1.179720404517611,-0.6811361279064022,-0.5001963115868217,0.170386602276641
TOI-4504 c,3.7553309926886453,1.1004504171572422,-1.0058868889030508,1.1048595507543457
TOI-4507 b,4.783134335586671,1.4164751813261867,-1.2392375177040784,-0.12673424789913323
TOI-451 b,-1.4416515898541362,-0.5403792134305172,-0.5916123536402806,-0.4071163194126032
TOI-451 c,-0.29186435885355866,0.25370700172902505,-0.720150637017759,-0.2615341215495371
TOI-451 d,0.3866277646125589,0.4951454696776782,-0.7859696147566342,-0.09517712170013418
TOI-4515 b,1.3061286718682534,0.07247443034761739,2.3567317046477667,0.012889583357153948
TOI-4527.01,-2.381982046252115,0.5949846262928036,-0.19799720543452834,-0.12106283961730185
TOI-4529 b,-0.9920791840616782,1.6709090855029758,-0.1817650525441025,-0.7816767706429464
TOI-4551 b,1.3345229626407622,-3.2211488981744956,-0.18549350312375487,-0.19733604750328348
TOI-4552 b,-2.7141044054108097,1.4279701750516545,-0.2884550153444246,-0.048628105804269794
TOI-4559 b,-1.638055863824183,1.9362061927674208,-0.2458146472462452,-0.1279112076544013
TOI-4582 b,3.0570341365684475,-1.8023824197351772,2.084108100984812,-0.5868917037478307
TOI-4600 b,3.8709258478852413,1.4518357152530164,0.3836105800074441,0.863290888200501
TOI-4600 c,10.397842147354128,3.2994660531335414,-1.5858768739220863,1.6354468897927237
TOI-4602.01,-0.833877408033754,-0.5507499402141518,-0.7944910017755221,-1.436972161811315
TOI-4603 b,1.4725245641676914,-3.5914456537903443,1.3695038792117669,0.1663356305247497
TOI-4633 c,8.354801419249922,2.0273425493298243,-1.9420863321512494,0.5297991608337462
TOI-4641 b,1.9863165141730512,-1.2871754312228876,-0.5277903577319059,-0.5856465467286038
TOI-4666 b,-1.1747971625608846,-0.0670331864390089,0.22910497216262246,3.0702165268506456
TOI-469.01,0.4241164420595381,0.07484916022257815,-0.3963785879789926,0.4084459221900574
TOI-470 b,0.30968601336372903,0.5687957018486823,-0.6366851363278517,0.20063391378044493
TOI-4734 b,0.44748264167894947,-2.3336430617956294,0.06293301479937267,0.2061474283980865
TOI-4773 b,-0.5518090876213484,-3.001124516603117,-0.3054205604664266,0.09265075677617012
TOI-4791 b,-0.185471531710434,-2.029941658056539,-0.4588135539994553,0.5263190284732673
TOI-4794 b,-0.19759278414469902,-2.0338704063023116,0.0313777807406813,-0.6913511236405969
TOI-480 b,0.06947301459826617,-1.398011571054353,-0.7867965608617243,-0.17521521007362376
TOI-481 b,0.8524840373712159,-1.8942401593111204,0.3130403867042485,0.38577749897856406
TOI-4860 b,-1.9067840727869199,0.9912127393188891,0.08926903377163281,1.593103633767528
TOI-4914 b,0.9697256411274501,-0.502046199281447,1.9033853508921816,-0.8222433477045453
TOI-4940 b,1.7789912924739861,-0.23063579869171205,0.5434590236161196,0.685391911437906
TOI-4961 b,0.12817677511376938,-0.5300052488840475,0.7877780631630743,0.7432834842546583
TOI-4994 b,1.613611538265051,-0.03158024023979252,1.2295824967921385,0.19810148637638547
TOI-500 b,-2.024526915774139,-0.24665392535496633,-0.09117987768422389,-0.08549474372186053
TOI-5005 b,-0.3071605511474131,-0.5505843730089455,-0.32133598700101773,0.26229262203337556
TOI-5007 b,-1.149039642798552,-0.048120235394256534,0.4258126959120457,1.7915060690359619
TOI-5027 b,0.7504183293448177,-0.3330885401100609,1.8364682277810218,-0.6760368921111979
TOI-5076 b,0.818197230504255,0.8705296094330875,-0.8220609877067577,0.21683357913294374
TOI-5082.01,-0.7237007843307691,-0.37010252293268237,-0.3330202112844389,-0.349138145963405
TOI-5108 b,0.0863519733876124,-1.1737259279505545,-0.001753391321530474,0.1346748522029863
TOI-5110 b,3.7754525239817283,-1.6109173875749605,3.559290584626774,-0.9542171510887909
TOI-512 b,-0.4401681575730661,0.21137924552813842,-0.6702482385516008,-0.8789781989970354
TOI-5126 b,-0.17539549359504567,-1.5240776834608027,-0.6702583790688098,0.06960240171071695
TOI-5126 c,1.1111809522612548,-0.6788776011790137,-0.951191024054597,0.08747710502498199
TOI-5143 c,-0.5369870459327701,-0.4537362881694347,-0.206666025204176,0.5127745551668945
TOI-5153 b,1.6421983346573108,-0.9645259216583588,-0.21148076325892526,0.33524258345803426
TOI-5181 A b,-0.00909526721320734,-2.2281306305797464,0.4334101697831335,0.2238003345770791
TOI-519 b,-1.4547470700387006,1.00651614943238,2.174920443812148,1.353459835164965
TOI-5205 b,-1.7662219927649452,0.9341081311174929,0.1302794832777565,0.8386132580202315
TOI-521 b,-2.1191256945352133,1.5443747062219018,-0.2943462773898919,-0.10090605416186627
TOI-5210 b,-0.27023101553299916,-1.4573573382199239,-0.04740818763171991,0.7750506187371247
TOI-5218 b,-0.8286137745157189,-0.10861278364383849,-0.08745566440015294,1.8423252617772476
TOI-5232 b,0.02725381051760973,-2.485092053687902,-0.4287221710937608,-0.7447870523391947
TOI-5261 b,-0.18753710882887156,-1.3284772983764663,0.745837510728736,0.9161408555665534
TOI-5292 A b,-1.3111787203164669,-0.014934396849201826,0.20048797379449976,1.6301583940547357
TOI-5293 A b,-0.8177197461076762,0.8841058753839819,2.260361116277367,0.18061146366930855
TOI-530 b,-0.8799573649109315,0.7055101752434252,-0.11535475771956026,1.7735657780919956
TOI-5300 b,-1.3568180495367754,0.10725765729838545,-0.2821095818198635,-0.1488831847971309
TOI-5301 b,0.9506350469478575,-2.803012663571802,1.384178079892811,-0.7324020736000868
TOI-5319 b,-0.9904847137341718,0.9215806167368701,0.3011485913726066,0.3450756881618717
TOI-532 b,-1.4287167484411285,0.20016983572871586,-0.15176612441914927,1.3936025378857575
TOI-5322 b,-0.0488636209727944,-1.5972292885659116,-0.23953558457898827,-0.41633774858296435
TOI-5340 b,0.30166800244863917,-2.511251380759851,0.22328133918210402,0.11688955139797208
TOI-5344 b,-1.0311832818620228,0.3394581022091836,0.27253971702995305,1.8442686491734532
TOI-5349 b,-1.1648017400223405,0.27969698795410525,0.15962096613087284,2.119375145469971
TOI-5350 b,0.2607549105721234,-1.454660926293252,-0.4077275764574218,0.19014451285456305
TOI-5386 A b,-0.35194081211905914,-1.758064733967202,-0.018295212623498234,0.3511386708342877
TOI-5388.01,-1.902898711303715,2.4403370643308224,0.1967551338214842,-0.9800195177298014
TOI-5398 b,0.506994778611194,-0.5948862532884078,0.15721740424315983,0.06834158446346965
TOI-5398 c,-0.33768066364799576,-0.7339582778461702,0.2283490298282784,-0.30456408629573506
TOI-540 b,-2.467362610780878,2.1571091387054637,-0.1822434638100111,0.5158817764556244
TOI-5422 b,0.14268785953330018,-1.8192627013145963,0.13889052322737552,-0.13095765430208203
TOI-544 b,-1.8178931760740153,0.6960499211650052,-0.4763277653546253,-0.6558786999361965
TOI-5542 b,3.5758376813279633,0.8688900832661851,-1.2588578798654846,-0.3990219429477229
TOI-5573 b,-0.37226294046171426,0.7116832058284002,0.2665774856575091,1.8048506336346284
TOI-558 b,1.5979331326896618,-1.3534163708533722,1.106839444435527,-0.4171547026844706
TOI-559 b,0.2767056170573014,-1.2731615709381365,0.4362335448023641,-0.30879426552186623
TOI-5592 b,-0.4921728648809152,-2.1731627204176,-0.12978487425985935,-0.31770009960775764
TOI-561 b,-2.038771211859153,-1.20531485467599,-0.6146464495186347,-0.3361072321796654
TOI-561 c,-0.11205256678456116,0.49205134915929843,-0.6237162833476987,-0.665330157430582
TOI-561 d,1.1088610354225672,0.9876683317946385,-0.22202195289312765,-0.25347942068670465
TOI-561 e,3.149458039749282,1.9213968355767082,-0.9505505106707431,0.045184995302055796
TOI-5616 b,-1.3787627430651799,-0.022889288017490232,-0.07996477782583065,1.0419195585975762
TOI-5624 b,-1.0643668027420992,-0.14268342564744044,-0.5842028097145191,-0.40510676268284157
TOI-5624 c,-0.4285277191091137,0.3169268670863446,-0.7018329041006369,-0.39665151655576847
TOI-5624 d,0.16099755542325922,0.5559674831755934,-0.7923449220846003,-0.3030898337111231
TOI-5624 e,0.7524842592315227,0.8204525431918175,-0.8922736825758488,-0.22887191416821595
TOI-5634 A b,-1.484284587488488,0.6526400878140346,-0.16641982638581004,-0.16537120155624213
TOI-564 b,-0.9473602773620902,-1.7360658191506235,0.11207861874464714,0.36858892421034617
TOI-5678 b,2.5320084290138043,0.944831942275279,-0.32594974827559225,-0.21756833220484945
TOI-5688 A b,-1.0899085832209474,0.2541027938160832,0.7720379489680694,1.899093059688308
TOI-5704 b,-0.9948010897875539,-0.10511310682087782,-0.16943784574230303,1.2903028402818326
TOI-5713 b,-0.7767806853235276,2.528162919511595,1.1415609456592362,0.016163139934194378
TOI-5720 b,-2.195399223185506,1.7091570204382076,-0.17734093581813792,0.35652886524638117
TOI-5734 b,-0.6392152665335806,0.9878456233115073,0.3670395240488044,-0.6323634292710448
TOI-5786 b,0.9547311121811625,-1.0299887066844515,0.1279136561974409,-0.20490165428266216
TOI-5788 b,-0.5202055026997532,0.3077579071232889,-0.44151295666933243,-1.5907872197160218
TOI-5788 c,0.46077048959544153,0.7592400201579222,-0.6765616032110349,-1.4136397433802292
TOI-5789 c,0.1289397246753008,0.7256990244397862,-0.37646014581730686,-0.6908405130475502
TOI-5795 b,-0.029292497730838685,-0.3958225046838871,0.8410175774314119,-1.4539986905753555
TOI-5799 b,-1.6783085707309493,2.061139434505711,-0.17142373953457476,0.30832607733527995
TOI-5799 c,-0.6802789421549679,2.5140786250536795,0.04746537014061174,0.31180206374630787
TOI-5800 b,-0.8891444628024973,0.06913956247903787,1.364015918063029,-0.6794779071136616
TOI-5817 b,1.0155979165009716,-0.32562539500010007,0.2071994079443515,-1.6177671426382254
TOI-5882 b,0.7173273740179631,-2.8892288910728814,-0.3746587533703248,0.20826998391718257
TOI-5916 b,-1.39907819635324,0.7209627620102315,0.516709662828499,0.8999328906695052
TOI-5938 b,-1.1240992786659654,0.03497726280974197,0.7891152980096877,-0.030686035106303185
TOI-6002 b,-1.0189151788330009,2.850086874452128,0.565202562908696,-0.2923970508293446
TOI-6008 b,-2.4766819101776316,1.7219109107381332,-0.05122589001751187,1.3019505086720689
TOI-6016 b,-0.19541333474674433,-2.457060158320987,-0.5140392925902183,0.613281403728155
TOI-6019 b,1.7607583240483942,-1.5292076034915534,2.1708686597240403,-0.7875364354189459
TOI-6029 b,0.5091006907002144,-3.3338984449308007,-0.03263030256864112,0.4737212405583826
TOI-6034 b,-1.4125182834318668,0.8379326880199229,0.1402677083246257,0.4017263555027458
TOI-6038 A b,0.23001363227803656,-1.904856294759593,0.0367723747392972,-0.29736422885560837
TOI-6041 b,1.1818168430773535,0.6551596765864961,-0.7145466144467241,0.29449136302174367
TOI-6054.01,0.28047432083269747,-1.2959146658030776,0.12306649819627266,-1.2282121897042186
TOI-6054.02,1.070515103111134,-0.9335586673810082,1.075065527881341,-1.3794065617043947
TOI-6086 b,-2.3285446437902544,1.9505023804525563,-0.14894008480880314,0.6680004444945682
TOI-6130 b,-0.4909904646019582,-2.5137717028211637,-0.2013864688609105,0.5806402562813809
TOI-615 b,0.6633507289946776,-2.2562519560979837,1.7211511610547232,-1.1315160225565108
TOI-620 b,-0.7746656713194994,0.9223399974169295,1.1453092286408444,1.1435650257757408
TOI-622 b,0.6930075515488844,-1.705764943607858,1.9589825614490568,-0.5865618747860571
TOI-6223 b,-1.2313154188529525,0.9435705540863831,-0.23321710579416868,-0.10441277217649658
TOI-6255 b,-2.5740179472445925,1.2738416488324795,-0.3576715298771013,-0.38158796092233277
TOI-628 b,-0.21053425401907583,-2.2098556646277774,0.07223977590581976,0.6990026594128351
TOI-6303 b,-0.2171470466419889,0.4174230987785222,0.06211332030862662,2.194516334577653
TOI-6324 b,-2.705094004417391,1.6068638191258884,-0.39703021602594113,-0.8788496702218813
TOI-6330 b,-0.23571487188378912,1.0281878426738804,2.097901152178019,0.8543439702021124
TOI-6383 A b,-1.6073103981813854,0.774257605548207,0.30251061861806017,0.9237509347409254
TOI-640 b,0.23808942946803524,-2.9293972794653604,-0.6191239570419755,-0.33522044143989105
TOI-6420 b,0.31119359270790425,-1.675862816605871,0.05878303183034398,0.7378042119568099
TOI-6448 b,1.0131192177675237,0.07830093817889174,0.5137341980033118,0.015835610398760407
TOI-6478 b,-0.005286989726248319,3.4010857291372063,0.25878116046762634,-1.2325779653459923
TOI-654.01,-1.9842695858579402,1.1002476364534972,-0.22650014362500331,0.6112788912193136
TOI-6564 b,-0.11998401593462511,-2.295105672993603,-0.5333062812840355,0.27171033027201624
TOI-6628 b,1.897821033922342,-0.23904716258311712,3.6243525868599185,0.5833261261615142
TOI-663 b,-1.4493320233196016,1.1262144940295211,0.5555999925254185,0.15634959176771898
TOI-663 c,-1.083294061867012,1.3736758818591444,0.6136729257882866,0.14174826038530078
TOI-663 d,-0.8444787422429255,1.542732018566148,0.31011299082874805,0.20562442135961342
TOI-6651 b,0.08848461985083403,-2.079197385194212,-0.12201527609201557,-0.03738011584225891
TOI-669 b,-0.8203107174557805,-0.4135267865290369,-0.6291749029839535,-0.42287383787279065
TOI-6692 b,6.257372242086808,0.9704274112765402,1.4991699908957872,-0.36487531999053796
TOI-6695 b,4.509699000799587,0.13222436724490982,-1.3697623159852825,0.5323748198318646
TOI-6716 b,-0.5613024602342086,2.6737954038783514,5.304818825413181,-0.5323199002882797
TOI-672 b,-1.3262412879207677,0.9984384868705096,-0.3035475030350452,-0.07066295915958083
TOI-674 b,-1.768407190873956,1.0974991226197297,-0.12923979253062137,1.0112729778447036
TOI-677 b,1.2888866122534337,-1.0764404477976348,2.210689918148005,-0.5595582792750284
TOI-6884 b,0.3106275865278186,-2.714378396064504,-0.09868461027906669,0.01640579999201965
TOI-6894 b,-1.7623138266924825,1.9693867475796407,0.233854177115569,1.3776715594435538
TOI-700 b,-0.8248331156180101,2.1918511089028168,-0.014837636148751472,-0.1465791434299797
TOI-700 c,-0.3431720404046701,2.285924879030104,-0.11134298886218405,-0.00022444273328903945
TOI-700 d,0.6559473939162987,2.776936826313994,-0.5497444285496895,-0.012353788767930043
TOI-700 e,0.2521474160439638,2.645261872144061,-0.3500303402520507,-0.07392754463260205
TOI-7009 b,-1.5479183590752903,0.7460488686473132,-0.2855027552583916,-0.2994627624131854
TOI-7041 b,1.1181750447205476,-3.4093214241071377,-0.6144775702543085,-0.3535233381676698
TOI-707 b,2.6714490575981236,1.018917161067644,-0.99253034198965,0.3209784204908746
TOI-712 b,0.31599586905582333,1.1047172702945027,2.7750233971738703,-0.7352107031712212
TOI-712 c,2.0730646266380193,2.0182969733677205,-0.5638503834815964,-0.003052963940923755
TOI-712 d,3.2107696444689195,2.3354793293619704,-0.885286224726577,0.2161634447582629
TOI-7149 b,-1.54074538328856,1.3452831222077868,0.46748437769216905,0.5780025782884636
TOI-715 b,-0.7277801315980117,3.1865622520433345,-0.28942096458041267,-0.3860141057745979
TOI-7166 b,-1.152254475037419,3.0144047253174238,-0.3738943749977621,-0.11681016625838607
TOI-733 b,-0.5863293140080943,-0.13217400140030738,-0.42285168819024616,-0.6244181772978005
TOI-7384 b,-0.8149540287405943,2.172732802602331,2.2918137071805442,0.1106343475515611
TOI-7510 b,0.3912307121249957,-0.38765217429122945,-0.3072747163858337,0.5546676261101448
TOI-7510 c,1.2979974877553535,-0.14645790033075815,-0.6831825965946221,0.9127443864408811
TOI-7510 d,2.7615560078603316,0.43377316485477013,-0.7986580622930002,1.0246502097932364
TOI-756 b,-1.9561533181844104,0.6562536000103169,-0.2296308430381031,0.7826572455235209
TOI-757 b,0.9349646175522418,1.0293466738487091,1.5557064129718303,-1.4682144640908725
TOI-762 A b,-1.326110168882561,0.9739493638141454,0.4963985934315339,1.7172068659214568
TOI-763 b,-0.5693408185093985,-0.11879799669402762,-0.4038573250536127,-0.3867685102629579
TOI-763 c,0.18229224352985102,0.28782832174509076,-0.5302708297546388,-0.3171515718660495
TOI-771 b,-1.9827540430927135,2.064263434930396,0.037653379613615784,-0.2572704328034729
TOI-776 b,-0.8540573984884778,1.8105062954348061,-0.21691392377249677,-0.5969576303571146
TOI-776 c,-0.16093332315468048,2.1007110547732464,-0.08338351180752866,-0.5597955235835912
TOI-778 b,0.42163066744473626,-2.497474779485624,0.7098488391803514,-0.5606760715293478
TOI-782 b,-0.7303673229894418,1.6274182358896963,0.9689751364824276,1.2661010569527988
TOI-784 b,-1.136962336008438,-0.30541679394266164,-0.6388112625500955,-0.8363953597562971
TOI-791 b,6.52043694575362,0.6393428807555556,-2.180944262654896,-0.7831045307654281
TOI-791 c,8.649990607098943,1.274360786290162,-2.7330016205855263,-0.49433082753251667
TOI-813 b,4.792692803585869,-0.20431257506248296,-1.8373380571880662,-0.10030911703233475
TOI-815 b,0.1260677879523433,0.7784887397625799,0.5446671081105374,-0.664184097974157
TOI-815 c,1.7258755573048226,1.4264265496345365,0.38108482812558564,-0.5003897591351162
TOI-824 b,-1.5785294888363652,0.02777413539233559,0.05013579264269832,-0.45256327034983224
TOI-833 b,-1.882424996979321,0.46793845160394926,0.09851953702434806,-0.13130969814118512
TOI-836 b,-1.2523429654778906,1.023219203683845,-0.2441954267235694,-1.0594163318702337
TOI-836.01,-0.5184846399121678,1.334894307384147,-0.14355832973434493,-0.9305184210895986
TOI-837 b,0.2230070091262589,-0.6234178752872458,-0.2637367360579907,-0.058543698039315126
TOI-849 b,-1.5553966901313971,-1.4890050252301448,-0.4300723503803697,0.2727091979079598
TOI-858 B b,-0.289248334304648,-1.850302412634611,0.5043969043563706,0.1993940751423971
TOI-871 b,0.12972158664036418,1.1159775883895644,-0.22108908556683263,-0.46951316801760123
TOI-880 c,-0.4350630738985459,-0.038826902933452825,-0.05013497085740701,0.5989082787591045
TOI-880.02,-1.1695975614504128,-0.2879853602406836,-0.2674467423200972,0.4435973910774901
TOI-892 b,0.672273591063649,-1.7158959363146111,0.15022290103703456,0.4224880861063552
TOI-904 b,-0.8537291462326438,1.6980664719926373,-0.2550993117242682,0.20842100319169135
TOI-904 c,2.881293790775615,2.678452169713481,-0.19138202503714005,0.4130675255051824
TOI-905 b,-0.6598512503919576,-0.8887339303101698,-0.20044453641077034,0.573754083212853
TOI-907.01,0.03931452325109991,-2.7185360211617633,-0.40446852983256265,-0.4155940378707925
TOI-908 b,-0.7258078248844385,-0.5718022769211891,0.28350946178712716,-0.2403981385644793
TOI-912 b,-0.7155003218081549,2.102954090410558,3.2635605561020897,-0.9342265320947016
TOI-913 b,-0.13034873175282186,0.9226047344566318,-0.17781776781687125,-0.6472777798759193
TOI-954 b,-0.027124887633870737,-2.3909895183793464,0.2465758545589393,-0.10539415791586772
TOI-969 b,-1.4038683932585592,0.09316408616918251,0.13242413372761333,0.3500098197454457
WASP-132 c,-1.7721566612979731,-0.34594063307909095,-0.43999376722280303,0.17516456313788845
WD 1856+534 b,-3.1887300236373486,5.071912747780978,0.8212484416211321,3.4134010287672703
Wolf 327 b,-2.4383215032347967,1.2660778943120101,-0.35727205323989863,-0.4523809441255266
